Sample,Timestamp,Elapsed_s,X_m,Y_m,Heading_deg,Command_X,Command_Y,Command_Z,TranslationAccepted,TranslationMagnitude_m,HeadingDelta_deg
1,09:36:45,0.375,-0.015478796648117878,-0.00021458499345148943,-0.05999946594238281,0.0,-0.25,0.0,True,0.015480283989423447,-0.06999969482421875
2,09:36:45,0.5779999999795109,-0.036837174746888926,-0.000366186172871599,-0.010000228881835938,0.0,0.25,0.0,True,0.02135891612249237,0.049999237060546875
3,09:36:45,0.7810000000172295,-0.026038208269189744,-0.00020878418036785195,-0.18999862670898438,0.0,0.25,0.0,True,0.01080011353522336,-0.17999839782714844
4,09:36:45,0.9839999999967404,-0.0015590796602444404,-0.0008695127305968597,0.04000091552734375,0.0,0.25,0.0,True,0.02448804401479163,0.22999954223632812
5,09:36:45,1.1869999999762513,0.02471888290238797,-0.0009823605591788858,0.14999961853027344,0.0,0.25,0.0,True,0.026278204867827754,0.10999870300292969
6,09:36:46,1.3910000000032596,0.0502756909865853,-0.0015342091841996828,0.14999961853027344,0.0,0.25,0.0,True,0.02556276542859616,0.0
7,09:36:46,1.5939999999827705,0.07463366581604346,-0.0016693812072603174,0.15999984741210938,0.0,0.25,0.0,True,0.024358349888043224,0.010000228881835938
8,09:36:46,1.797000000020489,0.10151106777580617,-0.0020051275907876183,0.09000015258789062,0.0,0.25,0.0,True,0.02687949891163725,-0.06999969482421875
9,09:36:46,2.0,0.1286293294062598,-0.001916270340424333,0.12000083923339844,0.0,0.25,0.0,True,0.02711840720744261,0.030000686645507812
10,09:36:46,2.2189999999827705,0.15346834120266203,-0.0013252908145198038,0.030000686645507812,0.0,0.25,0.0,True,0.024846041210258185,-0.09000015258789062
11,09:36:47,2.4060000000172295,0.17974641233302127,-0.0018125234765261281,-0.020000457763671875,0.0,0.25,0.0,True,0.026282587734071116,-0.05000114440917969
12,09:36:47,2.625,0.20530458926902628,-0.0017477072619462798,0.04000091552734375,0.0,0.25,0.0,True,0.02555825912369249,0.060001373291015625
13,09:36:47,2.827999999979511,0.2312227238251632,-0.0017635401137319083,0.030000686645507812,0.0,0.25,0.0,True,0.025918139392117154,-0.010000228881835938
14,09:36:47,3.0160000000032596,0.2582207457167311,-0.0018469536383275995,0.030000686645507812,0.0,0.25,0.0,True,0.02699815074914696,0.0
15,09:36:47,3.2189999999827705,0.28353804174764147,-0.0022529925800329523,0.23999977111816406,0.0,0.25,0.0,True,0.025320551849020444,0.20999908447265625
16,09:36:48,3.422000000020489,0.30945355283745957,-0.002808878985175969,0.3800010681152344,0.0,0.25,0.0,True,0.02592147227188122,0.1400012969970703
17,09:36:48,3.6410000000032596,0.3352446666763095,-0.0037802718579424003,0.5500011444091797,0.0,0.25,0.0,True,0.02580940055797066,0.1700000762939453
18,09:36:48,3.8439999999827705,0.361158143235265,-0.004344604341719999,0.720001220703125,0.0,0.25,0.0,True,0.025919620724921617,0.1700000762939453
19,09:36:48,4.047000000020489,0.385630971129732,-0.004929285794808431,0.720001220703125,0.0,0.25,0.0,True,0.024479811223818405,0.0
20,09:36:49,4.25,0.4131019245918431,-0.0056425102053212755,0.8100013732910156,0.0,0.25,0.0,True,0.027480210573742433,0.09000015258789062
21,09:36:49,4.452999999979511,0.4386561710130453,-0.006095389083582987,0.9099998474121094,0.0,0.25,0.0,True,0.025558259123694305,0.09999847412109375
22,09:36:49,4.6560000000172295,0.46624875760632406,-0.006660193354415868,0.8600006103515625,0.0,0.25,0.0,True,0.02759836659608567,-0.049999237060546875
23,09:36:49,4.85899999999674,0.49227816931787327,-0.007417796908823018,0.9500007629394531,0.0,0.25,0.0,True,0.026040434658334433,0.09000015258789062
24,09:36:49,5.061999999976251,0.5317512094522849,-0.00799272187245983,0.9200000762939453,0.0,0.25,0.0,True,0.03947722680440824,-0.030000686645507812
25,09:36:50,5.26600000000326,0.5576635385300532,-0.0085587152984806,0.970001220703125,0.0,0.25,0.0,True,0.025918509733255456,0.05000114440917969
26,09:36:50,5.48399999999674,0.5839367582984442,-0.009070549331503412,0.9600009918212891,0.0,0.25,0.0,True,0.026278204867827754,-0.010000228881835938
27,09:36:50,5.686999999976251,0.6110460406368432,-0.009813793770751356,1.010000228881836,0.0,0.25,0.0,True,0.02711946904346589,0.049999237060546875
28,09:36:50,5.89100000000326,0.6369570732427399,-0.010436317737371236,1.1300010681152344,0.0,0.25,0.0,True,0.025918509733255456,0.12000083923339844
29,09:36:50,6.0939999999827705,0.6626273339163407,-0.011087963033864126,1.1599998474121094,0.0,0.25,0.0,True,0.02567853042218457,0.029998779296875
30,09:36:51,6.297000000020489,0.6886517119691238,-0.01200228472823814,1.3400001525878906,0.0,0.25,0.0,True,0.026040434658334433,0.18000030517578125
31,09:36:51,6.5,0.7145444908933085,-0.013341642866892624,1.5200004577636719,0.0,0.25,0.0,True,0.0259273963336137,0.18000030517578125
32,09:36:51,6.702999999979511,0.7420108721532014,-0.01414456889173991,1.5400009155273438,0.0,0.25,0.0,True,0.027478114740920066,0.020000457763671875
33,09:36:51,6.9060000000172295,0.7711560105953068,-0.01501015216309084,1.5900001525878906,0.0,0.25,0.0,True,0.02915798911463436,0.049999237060546875
34,09:36:51,7.10899999999674,0.7970556026564198,-0.016028911011702167,1.6900005340576172,0.0,0.25,0.0,True,0.025919620724919788,0.10000038146972656
35,09:36:52,7.311999999976251,0.8228357172554981,-0.017015483663954292,1.7700004577636719,0.0,0.25,0.0,True,0.025798985141663608,0.07999992370605469
36,09:36:52,7.51600000000326,0.8474103442104544,-0.018147215020915625,1.8900012969970703,0.0,0.25,0.0,True,0.024600672873716114,0.12000083923339844
37,09:36:52,7.7189999999827705,0.874142011986479,-0.01938524471353169,1.9300003051757812,0.0,0.25,0.0,True,0.026760320992236894,0.03999900817871094
38,09:36:52,7.922000000020489,0.9019685365709728,-0.020196452556916936,1.9799995422363281,0.0,0.25,0.0,True,0.02783834637000922,0.049999237060546875
39,09:36:52,8.125,0.9297849378255352,-0.02130159954342437,2.0,0.0,0.25,0.0,True,0.02783834637000922,0.020000457763671875
40,09:36:53,8.327999999979511,0.9536414244443413,-0.02234264427298366,2.0,0.0,0.25,0.0,True,0.02387919026940022,0.0
41,09:36:53,8.53100000001723,0.9802572205924575,-0.023440965453130833,2.1300010681152344,0.0,0.25,0.0,True,0.026638448040620474,0.13000106811523438
42,09:36:53,8.73399999999674,1.005203126696609,-0.02423665861529375,2.1599998474121094,0.0,0.25,0.0,True,0.024958592888331226,0.029998779296875
43,09:36:53,8.936999999976251,1.0323915254672917,-0.026048498745994318,2.260000228881836,0.0,0.25,0.0,True,0.02724870258146015,0.10000038146972656
44,09:36:53,9.14100000000326,1.0602016496483615,-0.02730170329836622,2.3299999237060547,0.0,0.25,0.0,True,0.02783834637000922,0.06999969482421875
45,09:36:54,9.34399999998277,1.0864429615064035,-0.028734458164410285,2.4099998474121094,0.0,0.25,0.0,True,0.026280396392314782,0.07999992370605469
46,09:36:54,9.547000000020489,1.1130432307741103,-0.030180203864474748,2.6200008392333984,0.0,0.25,0.0,True,0.026639529007543756,0.21000099182128906
47,09:36:54,9.75,1.1389207125069314,-0.031657592672879806,2.690000534057617,0.0,0.25,0.0,True,0.025919620724919788,0.06999969482421875
48,09:36:54,9.952999999979511,1.1647961061937775,-0.03317111177563811,2.780000686645508,0.0,0.25,0.0,True,0.02591962072491981,0.09000015258789062
49,09:36:54,10.172000000020489,1.1905606481925075,-0.03448929819957923,2.770000457763672,0.0,0.25,0.0,True,0.025798241022453202,-0.010000228881835938
50,09:36:55,10.35899999999674,1.2302348998336377,-0.03633604238580215,2.760000228881836,0.0,0.25,0.0,True,0.03971720920927185,-0.010000228881835938
51,09:36:55,10.561999999976251,1.2559844830174096,-0.037955730373179786,2.8999996185302734,0.0,0.25,0.0,True,0.025800473315705744,0.1399993896484375
52,09:36:55,10.76600000000326,1.2820941038785922,-0.03957184999141865,2.970001220703125,0.0,0.25,0.0,True,0.026159589907625846,0.07000160217285156
53,09:36:55,10.96899999998277,1.3089224397595924,-0.041229515698655454,2.9200000762939453,0.0,0.25,0.0,True,0.02687949891163725,-0.05000114440917969
54,09:36:55,11.172000000020489,1.3359886778299954,-0.04292785545146435,3.0900001525878906,0.0,0.25,0.0,True,0.02711946904346953,0.1700000762939453
55,09:36:56,11.375,1.3652028147822974,-0.044903279573892285,3.020000457763672,0.0,0.25,0.0,True,0.02928084866139187,-0.06999969482421875
56,09:36:56,11.577999999979511,1.3928685773890899,-0.04661700700286202,3.210000991821289,0.0,0.25,0.0,True,0.027718789337130026,0.1900005340576172
57,09:36:56,11.78100000001723,1.4200514893933378,-0.048361588477079366,3.260000228881836,0.0,0.25,0.0,True,0.02723883752201757,0.049999237060546875
58,09:36:56,11.98399999999674,1.4461585474125427,-0.05000112316292893,3.3199996948242188,0.0,0.25,0.0,True,0.026158489107825637,0.05999946594238281
59,09:36:56,12.186999999976251,1.4721496510630498,-0.05156687689890302,3.270000457763672,0.0,0.25,0.0,True,0.026038222937311378,-0.049999237060546875
60,09:36:57,12.39100000000326,1.4993623626010906,-0.05279137241658967,3.3400001525878906,0.0,0.25,0.0,True,0.027240247034956287,0.06999969482421875
61,09:36:57,12.60899999999674,1.525423679639976,-0.05518849780555689,3.530000686645508,0.0,0.25,0.0,True,0.026171328891207116,0.1900005340576172
62,09:36:57,12.811999999976251,1.5515142840959297,-0.057087050743487806,3.580000877380371,0.0,0.25,0.0,True,0.026159589907625846,0.05000019073486328
63,09:36:57,13.01600000000326,1.577487984715687,-0.0589294199615152,3.6200008392333984,0.0,0.25,0.0,True,0.02603896019852405,0.039999961853027344
64,09:36:57,13.21899999998277,1.603083976795137,-0.06102362435963866,3.880000114440918,0.0,0.25,0.0,True,0.025681520644081565,0.25999927520751953
65,09:36:58,13.422000000020489,1.629162317263031,-0.06308379488067851,3.940000534057617,0.0,0.25,0.0,True,0.026159589907625846,0.06000041961669922
66,09:36:58,13.625,1.6569135634844137,-0.06529726579931001,4.040000915527344,0.0,0.25,0.0,True,0.027839380746479136,0.10000038146972656
67,09:36:58,13.827999999979511,1.6831932249398236,-0.0678894211021476,4.220000267028809,0.0,0.25,0.0,True,0.026407193628346492,0.17999935150146484
68,09:36:58,14.03100000001723,1.7087685468140803,-0.07022253353419192,4.350000381469727,0.0,0.25,0.0,True,0.025681520644081565,0.13000011444091797
69,09:36:58,14.23399999999674,1.7350467805441847,-0.07279576732811856,4.430000305175781,0.0,0.25,0.0,True,0.026403922059652443,0.07999992370605469
70,09:36:59,14.436999999976251,1.7616708304310809,-0.07554231218278953,4.680000305175781,0.0,0.25,0.0,True,0.026765342161434256,0.25
71,09:36:59,14.64100000000326,1.7888759868333355,-0.07851241847141331,4.880000114440918,0.0,0.25,0.0,True,0.027366805919523323,0.19999980926513672
72,09:36:59,14.84399999998277,1.814859268558072,-0.08166179544254829,5.020000457763672,-0.25,0.25,0.0,True,0.026173450374250274,0.1400003433227539
73,09:36:59,15.047000000020489,1.8423607336493972,-0.08727815875025506,3.3500003814697266,-0.25,0.25,0.0,True,0.02806909544273809,-1.6700000762939453
74,09:37:00,15.25,1.8688399590046774,-0.09179829937478994,1.210000991821289,-0.25,0.25,0.0,True,0.026862260639813673,-2.1399993896484375
75,09:37:00,15.452999999979511,1.8941238947088301,-0.09691565374065925,-0.43000030517578125,0.0,0.25,-0.15,True,0.025796602884829826,-1.6400012969970703
76,09:37:00,15.65600000001723,1.9241613697658133,-0.09340698941667404,-2.520000457763672,0.0,0.25,-0.15,True,0.03024170354224936,-2.0900001525878906
77,09:37:00,15.85899999999674,1.950651287211287,-0.05780388642973438,-8.819999694824219,0.0,0.25,-0.15,True,0.04437675820253935,-6.299999237060547
78,09:37:00,16.06199999997625,1.972114204021071,-0.019014347817582357,-15.520000457763672,0.0,0.25,-0.15,True,0.04433153622115234,-6.700000762939453
79,09:37:01,16.28100000001723,1.9945112374890694,0.04342604401529812,-25.459999084472656,0.0,0.25,-0.15,True,0.06633573426449944,-9.939998626708984
80,09:37:01,16.48399999999674,2.003507369692046,0.08747259077233632,-33.130001068115234,0.0,0.25,0.0,True,0.04495585252037136,-7.670001983642578
81,09:37:01,16.67200000002049,2.021252989372448,0.1175145929724642,-36.15999984741211,0.0,0.25,-0.15,True,0.03489167399300239,-3.029998779296875
82,09:37:01,16.89100000000326,2.024681392255789,0.16107495258548357,-42.41999816894531,0.0,0.25,0.0,True,0.0436950669520722,-6.259998321533203
83,09:37:01,17.09399999998277,2.043197988807385,0.1882520730931529,-44.8900032043457,0.0,0.25,0.0,True,0.03288556259124919,-2.4700050354003906
84,09:37:02,17.29700000002049,2.062712091791534,0.20861661001492804,-45.02000045776367,0.0,0.25,0.0,True,0.028204868007390294,-0.12999725341796875
85,09:37:02,17.5,2.0817352366658857,0.2277743787514795,-45.09000015258789,0.0,0.25,0.0,True,0.026998150749148783,-0.06999969482421875
86,09:37:02,17.70299999997951,2.09859139760329,0.24874261862009875,-45.39999771118164,0.0,0.25,0.0,True,0.026903480160299573,-0.30999755859375
87,09:37:02,17.90600000001723,2.1074816347513985,0.283706620636323,-49.689998626708984,0.0,0.25,0.0,True,0.03607655406964675,-4.290000915527344
88,09:37:02,18.10899999999674,2.124650264966244,0.3062690921843945,-50.17000198364258,0.0,0.25,0.0,True,0.028351842723386488,-0.48000335693359375
89,09:37:03,18.31199999997625,2.1434347073466666,0.32825797660909406,-50.189998626708984,0.0,0.25,0.0,True,0.02891999850944337,-0.01999664306640625
90,09:37:03,18.53100000001723,2.161174294998243,0.34908694571638277,-50.130001068115234,0.0,0.25,0.0,True,0.027359439397040955,0.05999755859375
91,09:37:03,18.73399999999674,2.178278188058065,0.36982113757929264,-50.2400016784668,0.0,0.25,0.0,True,0.026878427595560337,-0.1100006103515625
92,09:37:03,18.93699999997625,2.194233085284998,0.3899486346362021,-50.47999954223633,0.0,0.25,0.0,True,0.0256841368026626,-0.23999786376953125
93,09:37:03,19.14100000000326,2.212265194722867,0.4113171250388198,-50.619998931884766,0.0,0.25,0.0,True,0.027960138641753177,-0.1399993896484375
94,09:37:04,19.34399999998277,2.229408702654905,0.43279413854073095,-50.7400016784668,0.0,0.25,0.0,True,0.027480210573740626,-0.12000274658203125
95,09:37:04,19.54700000002049,2.247159760966141,0.45470373833791233,-50.95000076293945,0.0,0.25,0.0,True,0.028198060827680265,-0.20999908447265625
96,09:37:04,19.75,2.2638032737124503,0.4755027863323782,-51.119998931884766,0.0,0.25,0.0,True,0.026638448040616835,-0.1699981689453125
97,09:37:04,19.95299999997951,2.2808036538876504,0.49647627478262246,-51.119998931884766,0.0,0.25,0.0,True,0.026998150749150598,0.0
98,09:37:04,20.15600000001723,2.296454440972191,0.5159175974062558,-51.21000289916992,0.0,0.25,0.0,True,0.024958208303518404,-0.09000396728515625
99,09:37:05,20.35899999999674,2.313671820451345,0.5368705791766484,-51.1400032043457,0.0,0.25,0.0,True,0.0271194690434677,0.06999969482421875
100,09:37:05,20.56199999997625,2.331342797280603,0.5591527975430447,-51.189998626708984,0.0,0.25,0.0,True,0.028438717928696282,-0.04999542236328125
101,09:37:05,20.78100000001723,2.3499833583419103,0.5815793037232843,-51.249996185302734,0.0,0.25,0.0,True,0.02916193916962035,-0.05999755859375
102,09:37:05,20.98399999999674,2.3693760989201897,0.6050950732450541,-51.28999710083008,0.0,0.25,0.0,True,0.03048064637335375,-0.04000091552734375
103,09:37:05,21.18699999997625,2.3935652713401114,0.6353772571319206,-51.27000045776367,0.0,0.25,0.0,True,0.03875727961710792,0.01999664306640625
104,09:37:06,21.375,2.411576202311524,0.6572332952491838,-51.429996490478516,0.0,0.25,0.0,True,0.028321017577768167,-0.15999603271484375
105,09:37:06,21.57799999997951,2.4288197328013372,0.6792413215154889,-51.560001373291016,0.0,0.25,0.0,True,0.027958765421446756,-0.1300048828125
106,09:37:06,21.79700000002049,2.447663016160099,0.7013562908738886,-51.39999771118164,0.0,0.25,0.0,True,0.029054108099570757,0.160003662109375
107,09:37:06,22.0,2.465018186347914,0.722200811397887,-51.380001068115234,0.0,0.25,0.15,True,0.027123715971883643,0.01999664306640625
108,09:37:06,22.20299999997951,2.505750166718922,0.7256041567601439,-46.189998626708984,0.0,0.25,0.15,True,0.040873915699367096,5.19000244140625
109,09:37:07,22.40600000001723,2.550680040631701,0.7209734306556805,-39.619998931884766,0.0,0.25,0.15,True,0.045167877900924,6.569999694824219
110,09:37:07,22.60899999999674,2.594612685782215,0.7121987874302728,-32.88999938964844,0.0,0.25,0.15,True,0.04480035349920999,6.729999542236328
111,09:37:07,22.81199999997625,2.638400789550499,0.6965600431177525,-25.889999389648438,0.0,0.25,0.15,True,0.04649697146368112,7.0
112,09:37:07,23.01600000000326,2.6817588549391522,0.6774024132710679,-20.599998474121094,0.0,0.25,0.0,True,0.04740186299703091,5.290000915527344
113,09:37:07,23.21899999998277,2.716462627305598,0.6751100253206055,-15.569999694824219,0.0,0.25,0.0,True,0.034779402797884766,5.029998779296875
114,09:37:08,23.42200000002049,2.745478507292146,0.6818304523975668,-15.310001373291016,0.0,0.25,0.0,True,0.029783979443494556,0.2599983215332031
115,09:37:08,23.625,2.7720466894694713,0.6888459267218799,-15.139999389648438,0.0,0.25,0.0,True,0.0274788133696245,0.17000198364257812
116,09:37:08,23.84399999998277,2.798958369454441,0.6959687779068322,-15.079998016357422,0.0,0.25,0.0,True,0.02783834637000558,0.060001373291015625
117,09:37:08,24.04700000002049,2.826875283761234,0.6983395571873097,-14.479999542236328,0.0,0.25,0.0,True,0.028017399929500014,0.5999984741210938
118,09:37:09,24.25,2.8645612593821217,0.6862807885454889,-9.739999771118164,0.0,0.25,0.0,True,0.0395682531792233,4.739999771118164
119,09:37:09,24.45299999997951,2.892838419696772,0.6888554430478576,-9.059999465942383,0.0,0.25,0.0,True,0.02839413040166932,0.6800003051757812
120,09:37:09,24.65600000001723,2.9199959734769823,0.6922643297564346,-8.729999542236328,0.0,0.25,0.0,True,0.02737066378290677,0.3299999237060547
121,09:37:09,24.85899999999674,2.9470593682082797,0.6954728847138193,-8.579999923706055,0.0,0.25,0.0,True,0.027252929370924276,0.14999961853027344
122,09:37:09,25.06199999997625,2.973359662368311,0.6988991254962525,-8.35999870300293,0.0,0.25,0.15,True,0.026522530022669355,0.220001220703125
123,09:37:10,25.26600000000326,3.0030286353478486,0.6963897938029927,-7.520000457763672,0.0,0.25,0.0,True,0.029774900557471524,0.8399982452392578
124,09:37:10,25.46899999998277,3.035377501912333,0.6838978950379594,-3.809999465942383,0.0,0.25,0.0,True,0.03467703422674223,3.710000991821289
125,09:37:10,25.67200000002049,3.063353054477497,0.6845341572639518,-3.6199989318847656,0.0,0.25,0.0,True,0.02798278704751345,0.1900005340576172
126,09:37:10,25.875,3.090088782224994,0.6857303281887099,-3.5799999237060547,0.0,0.25,0.0,True,0.02676247303724953,0.03999900817871094
127,09:37:10,26.07799999997951,3.116692553372267,0.6871101348734213,-3.549999237060547,0.0,0.25,0.0,True,0.02663952900754195,0.030000686645507812
128,09:37:11,26.28100000001723,3.1423463483005323,0.6883031597561918,-3.6299991607666016,0.0,0.25,0.0,True,0.025681520644081565,-0.07999992370605469
129,09:37:11,26.48399999999674,3.184064956189403,0.6902227775552814,-3.539999008178711,0.0,0.25,0.0,True,0.04176274867247045,0.09000015258789062
130,09:37:11,26.68699999997625,3.2094811575351763,0.6913586354054335,-3.4499988555908203,0.0,0.25,0.0,True,0.025441569603792766,0.09000015258789062
131,09:37:11,26.89100000000326,3.237906222783327,0.6924178301239734,-3.3299999237060547,0.0,0.25,0.0,True,0.028444792630873884,0.11999893188476562
132,09:37:11,27.09399999998277,3.2644248718762463,0.6931603928994831,-3.1700000762939453,0.0,0.25,0.0,True,0.026529043503092424,0.15999984741210938
133,09:37:12,27.29700000002049,3.2904421238843224,0.6942589533862827,-3.1899986267089844,0.0,0.25,0.0,True,0.0260404346583326,-0.019998550415039062
134,09:37:12,27.5,3.3179057271372727,0.6952726856012349,-3.059999465942383,0.0,0.25,0.0,True,0.027482306246730502,0.12999916076660156
135,09:37:12,27.70299999997951,3.3442968039717136,0.6960961925233936,-2.9200000762939453,0.0,0.25,0.0,True,0.026403922059652443,0.1399993896484375
136,09:37:12,27.90600000001723,3.3697078851715228,0.6972780716255477,-3.029998779296875,0.0,0.25,0.15,True,0.025438551176421128,-0.10999870300292969
137,09:37:12,28.10899999999674,3.39526387440802,0.6841284367277118,-0.010000228881835938,0.0,0.25,0.15,True,0.02874058948251336,3.019998550415039
138,09:37:13,28.31199999997625,3.425825112310309,0.6462922314343506,6.830000877380371,0.0,0.25,0.15,True,0.04863710202223898,6.840001106262207
139,09:37:13,28.51600000000326,3.4502980218585533,0.6031762773192169,13.800000667572021,0.0,0.25,0.15,True,0.04957730126796793,6.96999979019165
140,09:37:13,28.71899999998277,3.469081783225856,0.5624028191705714,20.59000051021576,0.0,0.25,0.15,True,0.044892143861739495,6.789999842643738
141,09:37:13,28.92200000002049,3.482346232457272,0.5177851003579184,27.710000038146973,0.0,0.25,0.15,True,0.04654767927037591,7.119999527931213
142,09:37:13,29.125,3.4897653653762215,0.477759540664968,34.38000011444092,0.0,0.25,0.15,True,0.04070735759052625,6.670000076293945
143,09:37:14,29.32799999997951,3.493447855750445,0.42722613774198187,41.45000076293945,0.0,0.25,0.15,True,0.05066740121945385,7.070000648498535
144,09:37:14,29.54700000002049,3.490575237060867,0.38170587984294846,48.02000045776367,0.0,0.25,0.15,True,0.045610808119679526,6.569999694824219
145,09:37:14,29.75,3.4821000740610177,0.33433801459581536,54.9900016784668,0.0,0.25,0.0,True,0.04812008983724555,6.970001220703125
146,09:37:14,29.95299999997951,3.481903484393004,0.2973434504954185,59.90999984741211,0.0,0.25,0.0,True,0.036995086436930266,4.9199981689453125
147,09:37:14,30.15600000001723,3.494718549723826,0.2723221190038665,60.20000076293945,0.0,0.25,0.0,True,0.028112149135976136,0.29000091552734375
148,09:37:15,30.35899999999674,3.5074719726716417,0.24892884912166327,60.220001220703125,0.0,0.25,0.15,True,0.026643852436678127,0.020000457763671875
149,09:37:15,30.56199999997625,3.5038683640821935,0.21402803205659138,63.97999954223633,0.0,0.25,0.15,True,0.03508636525312304,3.759998321533203
150,09:37:15,30.76600000000326,3.4833670990309202,0.17123506053523269,70.97999954223633,0.0,0.25,0.15,True,0.04745039810507783,7.0
151,09:37:15,30.96899999998277,3.458264340872512,0.1363688015002832,77.97999954223633,0.0,0.25,0.15,True,0.042962826795402025,7.0
152,09:37:15,31.17200000002049,3.4298122479614848,0.10164441540800835,84.53999710083008,0.0,0.25,0.15,True,0.044892143861739495,6.55999755859375
153,09:37:16,31.375,3.3930451765005545,0.0666455490599218,91.53000259399414,0.0,0.25,0.15,True,0.0507615818258687,6.9900054931640625
154,09:37:16,31.57799999997951,3.3582276557661572,0.040879441706432956,97.96000289916992,0.0,0.25,0.15,True,0.043314570738282834,6.430000305175781
155,09:37:16,31.78100000001723,3.3166891868470136,0.016257489564901733,104.61999893188477,0.0,0.25,0.15,True,0.04828752351701743,6.659996032714844
156,09:37:16,31.98399999999674,3.2727888770260845,-0.0030046092243108356,111.10000228881836,0.0,0.25,0.15,True,0.04794022999672547,6.480003356933594
157,09:37:16,32.18699999997625,3.206611326505185,-0.021159215150409583,121.50000381469727,0.0,0.25,0.15,True,0.06862257579891697,10.400001525878906
158,09:37:17,32.39100000000326,3.161551517317951,-0.02655556007651513,128.00000381469727,0.0,0.25,0.15,True,0.04538179086981337,6.5
159,09:37:17,32.59399999998277,3.1177465403162783,-0.02608690039930064,135.0099983215332,0.0,0.25,0.15,True,0.04380748397260589,7.0099945068359375
160,09:37:17,32.79700000002049,3.0687151413172504,-0.01874995871948567,141.79999923706055,0.0,0.25,0.15,True,0.04957730126796801,6.790000915527344
161,09:37:17,33.0,3.024083955644391,-0.007188820587208832,148.82000350952148,0.0,0.25,0.15,True,0.0461042584744496,7.0200042724609375
162,09:37:17,33.20299999997951,2.9995005915079105,0.0022050858714595806,152.34000778198242,0.0,0.25,0.0,True,0.02631705285211463,3.5200042724609375
163,09:37:18,33.42200000002049,2.9415450375076393,0.018953640100336937,160.55999374389648,0.0,0.25,0.0,True,0.06032711088918465,8.219985961914062
164,09:37:18,33.625,2.9137586130457205,0.010812544182278273,161.02000045776367,0.0,0.25,0.0,True,0.028954495801601424,0.4600067138671875
165,09:37:18,33.82799999997951,2.886827361587994,0.0031657434704963038,161.32000350952148,0.0,0.25,0.0,True,0.027995818727178042,0.3000030517578125
166,09:37:18,34.03100000001723,2.8547436806303677,0.0029144253410317567,162.76000595092773,0.0,0.25,0.15,True,0.03208466525605265,1.44000244140625
167,09:37:18,34.23399999999674,2.820656340860496,0.02768011279365486,169.7900047302246,0.0,0.25,0.0,True,0.0421341430147534,7.029998779296875
168,09:37:19,34.43699999997625,2.7847663767064192,0.03437100719995593,172.54999923706055,0.0,0.25,0.0,True,0.03650832226954799,2.7599945068359375
169,09:37:19,34.64100000000326,2.7577839818411416,0.031574739929051354,172.68999862670898,0.0,0.25,0.0,True,0.02712690073185842,0.1399993896484375
170,09:37:19,34.84399999998277,2.731543965931851,0.0286602443454423,172.82999801635742,0.0,0.25,0.0,True,0.026401377225946016,0.1399993896484375
171,09:37:19,35.04700000002049,2.7051337053385653,0.026152599118597,173.0299949645996,0.0,0.25,0.0,True,0.026529043503092365,0.1999969482421875
172,09:37:20,35.25,2.678859297719009,0.023540587561635483,173.21000289916992,0.0,0.25,0.0,True,0.02640392205965424,0.1800079345703125
173,09:37:20,35.45299999997951,2.65078091925761,0.020872396733984777,173.40000534057617,0.0,0.25,0.0,True,0.02820486800739034,0.19000244140625
174,09:37:20,35.65600000001723,2.623666957191561,0.018230559670850733,173.43000411987305,0.0,0.25,0.0,True,0.027242361167624584,0.029998779296875
175,09:37:20,35.85899999999674,2.5969307766050616,0.015458537054261961,173.54999923706055,0.0,0.25,0.0,True,0.026879498911639058,0.1199951171875
176,09:37:20,36.06199999997625,2.5702685173799473,0.013111736246490228,173.71999740600586,0.0,0.25,0.0,True,0.02676534216143246,0.1699981689453125
177,09:37:21,36.26600000000326,2.5420419856332277,0.010734742748401117,173.85000228881836,0.0,0.25,0.0,True,0.028326439814041905,0.1300048828125
178,09:37:21,36.46899999998277,2.5151440104919383,0.008362097790541968,174.01000595092773,0.0,0.25,0.0,True,0.027002416758458447,0.160003662109375
179,09:37:21,36.67200000002049,2.4885906336207118,0.00616823147692988,174.1599998474121,0.0,0.25,0.0,True,0.026643852436676288,0.149993896484375
180,09:37:21,36.875,2.463195078358228,0.004477798871612723,174.48000717163086,0.0,0.25,0.0,True,0.02545175415335823,0.32000732421875
181,09:37:21,37.09399999998277,2.435048725041221,0.002609819561010068,174.82999801635742,0.0,0.25,0.0,True,0.028208270981232356,0.3499908447265625
182,09:37:22,37.29700000002049,2.4086923950488868,0.0009716056982079549,175.04999923706055,0.0,0.25,0.0,True,0.026407193628348338,0.220001220703125
183,09:37:22,37.5,2.366511657726933,-0.0014728737572621753,175.30999374389648,0.0,0.25,0.0,True,0.0422515098053537,0.2599945068359375
184,09:37:22,37.70299999997951,2.353334072365732,-0.002274758463022786,175.32000350952148,0.0,0.25,0.0,True,0.01320196102982712,0.010009765625
185,09:37:22,37.90600000001723,2.328401503536268,-0.003601070785601577,175.4099998474121,0.0,0.25,0.0,True,0.02496782114668751,0.089996337890625
186,09:37:22,38.10899999999674,2.2869416427887277,-0.005945653361163943,175.71999740600586,0.0,0.25,0.0,True,0.04152610167905353,0.30999755859375
187,09:37:23,38.31199999997625,2.2601882775924094,-0.0069768328078711195,176.01000595092773,0.0,0.25,0.0,True,0.026773230667569623,0.290008544921875
188,09:37:23,38.51600000000326,2.2313055096826484,-0.008482560246298823,176.10000228881836,0.0,0.25,0.0,True,0.028921989856300675,0.089996337890625
189,09:37:23,38.71899999998277,2.204451432191137,-0.009746027991993714,176.15000534057617,0.0,0.25,0.0,True,0.026883783749028316,0.0500030517578125
190,09:37:23,38.93699999997625,2.174836353188773,-0.01106486002093711,176.34000778198242,0.0,0.25,0.0,True,0.029644429868641665,0.19000244140625
191,09:37:23,39.14100000000326,2.148127856190896,-0.012694517733524095,176.38000106811523,0.0,0.25,0.0,True,0.02675816877414812,0.0399932861328125
192,09:37:24,39.34399999998277,2.121524568388261,-0.014083612342947065,176.44999313354492,0.0,0.25,0.0,True,0.026639529007543756,0.0699920654296875
193,09:37:24,39.54700000002049,2.095159369313504,-0.015430093295998058,176.49999618530273,0.0,0.25,0.0,True,0.026399559337392083,0.0500030517578125
194,09:37:24,39.75,2.068924579074924,-0.01694000462224997,176.6099967956543,0.0,0.25,0.0,True,0.02627820486782594,0.1100006103515625
195,09:37:24,39.95299999997951,2.0412336923103274,-0.01821392042836139,176.68999862670898,0.0,0.25,0.0,True,0.027720174445532708,0.0800018310546875
196,09:37:24,40.15600000001723,2.0149780058518547,-0.019353290048617407,176.82999801635742,0.0,0.25,0.0,True,0.026280396392314782,0.1399993896484375
197,09:37:25,40.35899999999674,1.9877615818130225,-0.02049229007672184,176.91999435424805,0.0,0.25,0.0,True,0.027240247034958094,0.089996337890625
198,09:37:25,40.56199999997625,1.9610453530551317,-0.021989860476351635,176.96000289916992,0.0,0.25,0.0,True,0.02675816877414812,0.040008544921875
199,09:37:25,40.76600000000326,1.934428784067757,-0.02309564575568506,177.09000778198242,0.0,0.25,0.0,True,0.02663952900754195,0.1300048828125
200,09:37:25,40.96899999998277,1.9061342883448613,-0.024281209844665738,176.9900016784668,0.0,0.25,0.0,True,0.028319322916023952,-0.100006103515625
201,09:37:25,41.17200000002049,1.8793084412398922,-0.025978675261522585,176.94999313354492,0.0,0.25,0.0,True,0.026879498911635418,-0.040008544921875
202,09:37:26,41.39100000000326,1.8525849350573078,-0.027340223444757464,176.91999435424805,0.0,0.25,0.0,True,0.026758168774149934,-0.029998779296875
203,09:37:26,41.59399999998277,1.8253685110184774,-0.028479223472862848,176.82999801635742,0.0,0.25,0.0,True,0.02724024703495626,-0.089996337890625
204,09:37:26,41.79700000002049,1.7981665782534761,-0.029883049997734328,176.96999740600586,0.0,0.25,0.0,True,0.027238132738196048,0.1399993896484375
205,09:37:26,42.0,1.771071087003765,-0.03102320574872936,177.0400047302246,0.0,0.25,0.0,True,0.02711946904346953,0.07000732421875
206,09:37:26,42.20299999997951,1.7281724545196706,-0.033260163878007565,176.9900016784668,0.0,0.25,0.0,True,0.042956916214709054,-0.0500030517578125
207,09:37:27,42.40600000001723,1.7033559917888774,-0.03432006527315437,177.1599998474121,0.0,0.25,0.0,True,0.02483908640502459,0.1699981689453125
208,09:37:27,42.60899999999674,1.672873671577283,-0.034965265578102374,177.2900047302246,0.0,0.25,0.0,True,0.030489147723668605,0.1300048828125
209,09:37:27,42.81199999997625,1.6456493844316435,-0.03589760024828075,177.32999801635742,0.0,0.25,0.0,True,0.027240247034956287,0.0399932861328125
210,09:37:27,43.01600000000326,1.6181646218725647,-0.036356440193809465,177.57999801635742,0.0,0.25,0.0,True,0.027488592307074424,0.25
211,09:37:27,43.21899999998277,1.5908066725653622,-0.03691492094424414,177.76000595092773,0.0,0.25,0.0,True,0.02736364908129161,0.1800079345703125
212,09:37:28,43.42200000002049,1.5622378828160437,-0.03718297822873949,177.82999801635742,0.0,0.25,0.0,True,0.028570047295175097,0.0699920654296875
213,09:37:28,43.625,1.535592062198067,-0.037443538116038046,178.07000350952148,0.0,0.25,0.0,True,0.02664709454819163,0.2400054931640625
214,09:37:28,43.82799999997951,1.5087147824510132,-0.037907522337248215,178.18000411987305,0.0,0.25,0.0,True,0.026881284343552532,0.1100006103515625
215,09:37:28,44.03100000001723,1.4813572285078467,-0.03835378748858568,178.21000289916992,0.0,0.25,0.0,True,0.027361193510857112,0.029998779296875
216,09:37:29,44.23399999999674,1.4538803165910816,-0.038779562893541494,178.57000350952148,0.0,0.25,0.0,True,0.027480210573740626,0.3600006103515625
217,09:37:29,44.45299999997951,1.4259021580127458,-0.03827062919258301,178.68999862670898,0.0,0.25,0.0,True,0.027982787047513363,0.1199951171875
218,09:37:29,44.65600000001723,1.39818006280668,-0.038363860831270656,178.91999435424805,0.0,0.25,0.0,True,0.02772225197837689,0.2299957275390625
219,09:37:29,44.85899999999674,1.371054087948094,-0.03813973745575659,179.10000228881836,0.0,0.25,0.0,True,0.027126900731858476,0.1800079345703125
220,09:37:29,45.06199999997625,1.3438101694192486,-0.03787758648765821,179.38000106811523,0.0,0.25,0.0,True,0.027245179755994307,0.279998779296875
221,09:37:30,45.26600000000326,1.3163286409713377,-0.037670823807885966,179.46000289916992,0.0,0.25,0.0,True,0.027482306246730502,0.0800018310546875
222,09:37:30,45.46899999998277,1.2889662189076063,-0.03718100236799414,179.68999862670898,0.0,0.25,0.0,True,0.027366805919521477,0.2299957275390625
223,09:37:30,45.67200000002049,1.2604063515302841,-0.03673644307435215,179.8700065612793,0.0,0.25,0.0,True,0.02856332714471112,0.1800079345703125
224,09:37:30,45.875,1.2334078866456593,-0.03642304044305641,179.9900016784668,0.0,0.25,0.0,True,0.0270002838380566,0.1199951171875
225,09:37:30,46.07799999997951,1.2073707063652863,-0.0356291801973724,-179.84999465942383,0.0,0.25,0.0,True,0.026049279664557258,0.160003662109375
226,09:37:31,46.28100000001723,1.1819346783455855,-0.03498394908286495,-179.73999404907227,0.0,0.25,0.0,True,0.025444210434008983,0.1100006103515625
227,09:37:31,46.48399999999674,1.1536163750433772,-0.0349964700671803,-179.75000381469727,0.0,0.25,0.0,True,0.028318306070294973,-0.010009765625
228,09:37:31,46.68699999997625,1.1262627828096083,-0.03414614180959437,-179.5900001525879,0.0,0.25,0.0,True,0.027366805919525117,0.160003662109375
229,09:37:31,46.89100000000326,1.099388805891171,-0.033519394215812674,-179.5099983215332,0.0,0.25,0.0,True,0.026881284343554333,0.0800018310546875
230,09:37:31,47.09399999998277,1.0725118423586615,-0.03327545972009881,-179.45000076293945,0.0,0.25,0.0,True,0.026878070480710448,0.05999755859375
231,09:37:32,47.29700000002049,1.045758426803486,-0.03266756520634547,-179.42999649047852,0.0,0.25,0.0,True,0.026760320992240533,0.0200042724609375
232,09:37:32,47.5,1.0186482558869636,-0.03181047652939691,-179.28999710083008,0.0,0.25,0.0,True,0.027123715971880003,0.1399993896484375
233,09:37:32,47.70299999997951,0.9897377268976916,-0.031070458052079575,-179.14999771118164,0.0,0.25,0.0,True,0.0289199985094452,0.1399993896484375
234,09:37:32,47.90600000001723,0.9625108193572434,-0.030152989921143087,-179.03000259399414,0.0,0.25,0.0,True,0.027242361167626423,0.1199951171875
235,09:37:32,48.10899999999674,0.9217308682100139,-0.028847706749101407,-178.86000442504883,0.0,0.25,0.0,True,0.04080083552734715,0.1699981689453125
236,09:37:33,48.31199999997625,0.894873640661735,-0.027582822455075047,-178.70000076293945,0.0,0.25,0.0,True,0.026886996928948838,0.160003662109375
237,09:37:33,48.51600000000326,0.8679036333385604,-0.026135491749654714,-178.3900032043457,0.0,0.25,0.0,True,0.027008814509025546,0.30999755859375
238,09:37:33,48.71899999998277,0.8398573695839409,-0.02463208722103474,-178.30000686645508,0.0,0.25,0.0,True,0.028086529436196942,0.089996337890625
239,09:37:33,48.92200000002049,0.8135980359301106,-0.023617276095979915,-178.17999649047852,0.0,0.25,0.0,True,0.026278935396296325,0.1200103759765625
240,09:37:33,49.125,0.7881641280232601,-0.023075237100912124,-178.1299934387207,0.0,0.25,0.0,True,0.025439683128654036,0.0500030517578125
241,09:37:34,49.34399999998277,0.7598606038211921,-0.022170925655433434,-178.2099952697754,0.0,0.25,0.0,True,0.028317967113609482,-0.0800018310546875
242,09:37:34,49.54700000002049,0.7327511489594878,-0.021474171344510653,-178.2599983215332,0.0,0.25,0.0,True,0.027118407207440784,-0.0500030517578125
243,09:37:34,49.75,0.7062436309333597,-0.020722027758298327,-178.19000625610352,0.0,0.25,0.0,True,0.026518186813577222,0.0699920654296875
244,09:37:34,49.95299999997951,0.6783058669308862,-0.019638558130859816,-178.2200050354004,0.0,0.25,0.0,True,0.027958765421446756,-0.029998779296875
245,09:37:34,50.15600000001723,0.6513329534242608,-0.01842313051075247,-178.0900001525879,0.0,0.25,0.0,True,0.0270002838380566,0.1300048828125
246,09:37:35,50.35899999999674,0.6238821794319722,-0.017151525068204266,-178.05000686645508,0.0,0.25,0.0,True,0.027480210573742433,0.0399932861328125
247,09:37:35,50.56199999997625,0.5966833146646702,-0.015563578184217735,-177.8900032043457,0.0,0.25,0.0,True,0.027245179755992513,0.160003662109375
248,09:37:35,50.76600000000326,0.5697239011681683,-0.014040248041993471,-177.70000076293945,0.0,0.25,0.0,True,0.027002416758460247,0.19000244140625
249,09:37:35,50.96899999998277,0.5420502249116432,-0.01239985260138824,-177.51999282836914,0.0,0.25,0.0,True,0.02772225197837505,0.1800079345703125
250,09:37:35,51.18699999997625,0.5180684295867771,-0.011499852865781184,-177.51999282836914,0.0,0.25,0.0,True,0.023998677182875343,0.0
251,09:37:36,51.375,0.4914940584401757,-0.0094795519716045,-177.36000442504883,0.0,0.25,0.0,True,0.026651056593319806,0.1599884033203125
252,09:37:36,51.57799999997951,0.4628860780576679,-0.007337475725328287,-177.11999893188477,0.0,0.25,0.0,True,0.02868806428134897,0.2400054931640625
253,09:37:36,51.79700000002049,0.43593892731389444,-0.005644432864686528,-177.15999221801758,0.0,0.25,0.0,True,0.0270002838380566,-0.0399932861328125
254,09:37:36,52.0,0.40765810589291374,-0.004194466933374613,-176.9700050354004,0.0,0.25,0.0,True,0.028317967113607664,0.1899871826171875
255,09:37:36,52.18699999997625,0.37918525204541215,-0.0018398552398336487,-176.90999221801758,0.0,0.25,0.0,True,0.028570047295175156,0.0600128173828125
256,09:37:37,52.39100000000326,0.3519975742503152,-0.00017118940721003824,-176.94000625610352,0.0,0.25,0.0,True,0.027238837522019402,-0.0300140380859375
257,09:37:37,52.59399999998277,0.3250659246731146,0.0017824640544738795,-176.81999588012695,0.0,0.25,0.0,True,0.02700241675845841,0.1200103759765625
258,09:37:37,52.79700000002049,0.29799803359936483,0.0034369374716947234,-176.76999282836914,0.0,0.25,0.0,True,0.02711840720744261,0.0500030517578125
259,09:37:37,53.0,0.27118743538148976,0.005385083040843887,-176.69000625610352,0.0,0.25,0.0,True,0.026881284343552497,0.079986572265625
260,09:37:37,53.20299999997951,0.2425889228016823,0.007572446761818603,-176.50000381469727,0.0,0.25,0.0,True,0.028682041102844176,0.19000244140625
261,09:37:38,53.40600000001723,0.2155585905253889,0.009821247588167601,-176.33000564575195,0.0,0.25,0.0,True,0.027123715971883643,0.1699981689453125
262,09:37:38,53.60899999999674,0.17538767265617944,0.013350762008062823,-175.98999404907227,0.0,0.25,0.0,True,0.04032567562354063,0.3400115966796875
263,09:37:38,53.82799999997951,0.14850261577245982,0.015895915265861173,-175.8400001525879,0.0,0.25,0.0,True,0.02700526039027435,0.149993896484375
264,09:37:38,54.03100000001723,0.12326089489322059,0.017863322069665174,-175.56000137329102,0.0,0.25,0.0,True,0.025318277241492475,0.279998779296875
265,09:37:38,54.23399999999674,0.09462530721868129,0.021067180499990762,-175.53000259399414,0.0,0.25,0.0,True,0.028814260190187013,0.029998779296875
266,09:37:39,54.43699999997625,0.0675890034641991,0.023171245974353386,-175.56999588012695,0.0,0.25,0.0,True,0.0271180532528615,-0.0399932861328125
267,09:37:39,54.64100000000326,0.041169760041464894,0.025468244741741336,-175.3900032043457,0.0,0.25,0.0,True,0.02651891073115686,0.17999267578125
268,09:37:39,54.84399999998277,0.016061786466706512,0.027603120311589388,-175.51999282836914,0.0,0.25,0.0,True,0.02519857199782359,-0.1299896240234375
269,09:37:39,55.04700000002049,-0.010711269299664098,0.029992879017299322,-175.4599952697754,0.0,0.25,0.0,True,0.02687949891163723,0.05999755859375
270,09:37:40,55.25,-0.038948946463990955,0.032128305685265465,-175.33000564575195,0.0,0.25,0.0,True,0.028318306070296784,0.1299896240234375
271,09:37:40,55.45299999997951,-0.0662822318931392,0.03501313535733203,-175.2200050354004,0.0,0.25,0.0,True,0.027485100228817127,0.1100006103515625
272,09:37:40,55.65600000001723,-0.09174592503802749,0.03720971015844215,-175.22999954223633,0.0,0.25,0.0,True,0.025558259123694305,-0.0099945068359375
273,09:37:40,55.875,-0.1198016860302151,0.04007942730729369,-175.06000137329102,0.0,0.25,-0.15,True,0.02820214533267227,0.1699981689453125
274,09:37:40,56.06199999997625,-0.13199423392890353,0.04114613620994324,-174.94000625610352,0.0,0.25,0.0,True,0.01223912137960906,0.1199951171875
275,09:37:41,56.28100000001723,-0.17872099379618706,0.024639010835982696,-179.28999710083008,0.0,0.25,0.0,True,0.04955678839277653,-4.3499908447265625
276,09:37:41,56.48399999999674,-0.20751839374734005,0.024862346158709345,-179.26999282836914,0.0,0.25,0.0,True,0.02879826596538486,0.0200042724609375
277,09:37:41,56.68699999997625,-0.23528431961091556,0.004333069240054624,176.13000106811523,0.0,0.25,0.0,True,0.03453111422853859,-4.600006103515625
278,09:37:41,56.875,-0.2667474148142509,-0.0013034318146654088,175.24999618530273,0.0,0.25,0.0,True,0.03196398760971482,-0.8800048828125
279,09:37:41,57.07799999997951,-0.29423790208767725,-0.0037412481001185987,175.18999862670898,0.0,0.25,0.0,True,0.02759836659608748,-0.05999755859375
280,09:37:42,57.28100000001723,-0.3246337887148309,-0.005991557694005429,175.29999923706055,0.0,0.25,0.0,True,0.030479071789001673,0.1100006103515625
281,09:37:42,57.5,-0.3516457705251458,-0.008391734384978984,175.13000106811523,0.0,0.25,0.0,True,0.0271184072074426,-0.1699981689453125
282,09:37:42,57.70299999997951,-0.37915687939453874,-0.01058461549175253,175.18000411987305,0.0,0.25,0.0,True,0.02759836659608748,0.0500030517578125
283,09:37:42,57.90600000001723,-0.40800255012216374,-0.012656714442032556,175.23000717163086,0.0,0.25,0.0,True,0.0289199985094452,0.0500030517578125
284,09:37:42,58.10899999999674,-0.4350411321209686,-0.014735919329142094,175.38999557495117,0.0,0.25,0.0,True,0.02711840720744261,0.1599884033203125
285,09:37:43,58.31199999997625,-0.4617284987551967,-0.016691028728477515,175.34000778198242,0.0,0.25,0.0,True,0.026758886199411972,-0.04998779296875
286,09:37:43,58.51600000000326,-0.5028048366035522,-0.01934161378674389,175.5400047302246,0.0,0.25,0.0,True,0.04116176784570061,0.1999969482421875
287,09:37:43,58.71899999998277,-0.5306644859144943,-0.02169374136891523,175.6599998474121,0.0,0.25,0.0,True,0.027958765421446773,0.1199951171875
288,09:37:43,58.92200000002049,-0.5583385801292294,-0.02332707052939951,175.57999801635742,0.0,0.25,0.0,True,0.027722251978375086,-0.0800018310546875
289,09:37:43,59.125,-0.5851448372303933,-0.025295432852774014,175.43000411987305,0.0,0.25,0.0,True,0.026878427595560323,-0.149993896484375
