Sample,Elapsed_s,X_m,Y_m,Heading_deg,Command_X,Command_Y,Command_Z,LidarLocalizationValid
1,0.17099999997299165,0.0,-0.0,0.0,0.0,0.0,0.0,True
2,0.28100000001722947,0.0,-0.0,0.0,0.0,0.0,0.0,True
3,0.40600000001722947,0.0,-0.0,0.0,0.0,0.0,0.0,True
4,0.5619999999762513,0.0,-0.0,0.0,0.0,0.25,0.0,True
5,0.7029999999795109,0.0,-0.0,-0.0099945068359375,0.0,0.25,0.0,True
6,0.8429999999934807,0.014398285062295763,-0.00021261640575398705,0.4300079345703125,0.0,0.25,0.0,True
7,1.0150000000139698,0.022455832458874687,5.0675903414627285e-05,0.5500030517578125,0.0,0.25,0.0,True
8,1.125,0.03408562299520832,-0.0009657453184194851,0.6399993896484375,0.0,0.25,0.0,True
9,1.2339999999967404,0.04469846172218127,-0.0007907560666558033,0.600006103515625,0.0,0.25,0.0,True
10,1.3900000000139698,0.05744788979188054,0.00027429448055936673,0.3800048828125,0.0,0.25,0.0,True
11,1.5459999999729916,0.08108684197152666,0.0005196818002372399,0.07000732421875,0.0,0.25,0.0,True
12,1.6400000000139698,0.09272569309528184,0.00029587123916716856,0.089996337890625,0.0,0.25,0.0,True
13,1.7810000000172295,0.10388385297669064,-0.00021158021264064007,0.1500091552734375,0.0,0.25,0.0,True
14,1.8900000000139698,0.11528196670448682,-0.0005923308041588016,0.19000244140625,0.0,0.25,0.0,True
15,2.01500000001397,0.12572037826891735,-0.000831396821168652,0.1999969482421875,0.0,0.25,0.0,True
16,2.125,0.13843748911816223,-0.0013031605300082463,0.32000732421875,0.0,0.25,0.0,True
17,2.2339999999967404,0.16147067651795108,-0.0022681784998529646,0.339996337890625,0.0,0.25,0.0,True
18,2.3429999999934807,0.17178751372655446,-0.0026168063196262146,0.5200042724609375,0.0,0.25,0.0,True
19,2.4839999999967404,0.18437966956382573,-0.003368308383216285,0.600006103515625,0.0,0.25,0.0,True
20,2.6089999999967404,0.1967374355558553,-0.0035577263983263135,0.510009765625,0.0,0.25,0.0,True
21,2.7179999999934807,0.208018140214897,-0.003361597864079219,0.3800048828125,0.0,0.25,0.0,True
22,2.827999999979511,0.22985595524301203,-0.0034883728697189835,0.230010986328125,0.0,0.25,0.0,True
23,2.9369999999762513,0.24101384634966885,-0.003873698556125263,0.160003662109375,0.0,0.25,0.0,True
24,3.077999999979511,0.25277208762840203,-0.0041842615505554995,0.230010986328125,0.0,0.25,0.0,True
25,3.202999999979511,0.2642892057543513,-0.004653857214865775,0.2700042724609375,0.0,0.25,0.0,True
26,3.327999999979511,0.27532601967882886,-0.005127116747985919,0.32000732421875,0.0,0.25,0.0,True
27,3.452999999979511,0.297278638761773,-0.006031993836940031,0.4600067138671875,0.0,0.25,0.0,True
28,3.5619999999762513,0.3089179955373687,-0.006055462733330008,0.470001220703125,0.0,0.25,0.0,True
29,3.6869999999762513,0.3221095111845667,-0.006999480512875139,0.4900054931640625,0.0,0.25,0.0,True
30,3.8119999999762513,0.33386430119121785,-0.007523081867463273,0.529998779296875,0.0,0.25,0.0,True
31,3.9369999999762513,0.35558099975046614,-0.007808647219122049,0.55999755859375,0.0,0.25,0.0,True
32,4.10899999999674,0.367697523915867,-0.008120969233564994,0.4199981689453125,0.0,0.25,0.0,True
33,4.202999999979511,0.3787371934720611,-0.008047746653569804,0.2700042724609375,0.0,0.25,0.0,True
34,4.327999999979511,0.38941666250586504,-0.00801574851879774,0.160003662109375,0.0,0.25,0.0,True
35,4.436999999976251,0.41245299012417713,-0.0086454491096488,0.1999969482421875,0.0,0.25,0.0,True
36,4.592999999993481,0.4234905234870841,-0.00910253353156724,0.230010986328125,0.0,0.25,0.0,True
37,4.717999999993481,0.4346480087795534,-0.00950005703407743,0.2700042724609375,0.0,0.25,0.0,True
38,4.85899999999674,0.458524115238964,-0.009988638108858396,0.4000091552734375,0.0,0.25,0.0,True
39,4.967999999993481,0.4706363612613368,-0.010979509062866072,0.44000244140625,0.0,0.25,0.0,True
40,5.092999999993481,0.48215143990455395,-0.011493824816981236,0.529998779296875,0.0,0.25,0.0,True
41,5.202999999979511,0.49354959119601494,-0.011660910935300754,0.480010986328125,0.0,0.25,0.0,True
42,5.327999999979511,0.504588361869051,-0.011755643713145638,0.470001220703125,0.0,0.25,0.0,True
43,5.48399999999674,0.5276243467621948,-0.01218668369346073,0.339996337890625,0.0,0.25,0.0,True
44,5.592999999993481,0.5390219396681725,-0.012465484341066731,0.410003662109375,0.0,0.25,0.0,True
45,5.702999999979511,0.5499370081183919,-0.013036398654197133,0.480010986328125,0.0,0.25,0.0,True
46,5.842999999993481,0.5742873685393157,-0.014016174246745427,0.5800018310546875,0.0,0.25,0.0,True
47,5.98399999999674,0.5852028655175313,-0.014466616791128565,0.470001220703125,0.0,0.25,0.0,True
48,6.125,0.5946843811976779,-0.014193266991634946,0.3899993896484375,0.0,0.25,0.0,True
49,6.23399999999674,0.6053628367837368,-0.014327379383786105,0.339996337890625,0.0,0.25,0.0,True
50,6.327999999979511,0.6163948952676224,-0.015379569275182912,0.4900054931640625,0.0,0.25,0.0,True
51,6.436999999976251,0.6269492551768806,-0.015904600508173203,0.660003662109375,0.0,0.25,0.0,True
52,6.561999999976251,0.6269492551768806,-0.015904600508173203,0.660003662109375,0.0,0.25,0.0,True
53,6.686999999976251,0.6598145909720383,-0.017127021399422144,0.7100067138671875,0.0,0.25,0.0,True
54,6.795999999972992,0.6721683264818494,-0.017629176638148444,0.6800079345703125,0.0,0.25,0.0,True
55,6.9060000000172295,0.6829698642831417,-0.01746688886913366,0.529998779296875,0.0,0.25,0.0,True
56,7.01500000001397,0.695570859338387,-0.0172104277161103,0.2700042724609375,0.0,0.25,0.0,True
57,7.125,0.7064902798288386,-0.01718868053623434,0.230010986328125,0.0,0.25,0.0,True
58,7.23399999999674,0.7177693936097161,-0.017221686641421773,0.1100006103515625,0.0,0.25,0.0,True
59,7.342999999993481,0.7402076717464762,-0.017446388178048552,0.0500030517578125,0.0,0.25,0.0,True
60,7.452999999979511,0.7517261562428986,-0.018016228321816225,0.07000732421875,0.0,0.25,0.0,True
61,7.577999999979511,0.7627652056434253,-0.01816708629512426,0.07000732421875,0.0,0.25,0.0,True
62,7.702999999979511,0.7730843030906218,-0.01831523323388873,0.040008544921875,0.0,0.25,0.0,True
63,7.811999999976251,0.7858027430341066,-0.01874699045858276,0.1300048828125,0.0,0.25,0.0,True
64,7.920999999972992,0.7972015453195955,-0.01897755541492785,0.100006103515625,0.0,0.25,0.0,True
65,8.03100000001723,0.8084802478210538,-0.01927378434444339,0.100006103515625,0.0,0.25,0.0,True
66,8.15600000001723,0.8329571140397867,-0.01987460775917694,0.160003662109375,0.0,0.25,0.0,True
67,8.26500000001397,0.8442359227198241,-0.020041905352996575,0.1699981689453125,0.0,0.25,0.0,True
68,8.39000000001397,0.8557542426853482,-0.020350280100873485,0.1300048828125,0.0,0.25,0.0,True
69,8.5,0.8673921711221304,-0.020734695423943596,0.2100067138671875,0.0,0.25,0.0,True
70,8.625,0.8783107486926134,-0.020978149232189387,0.19000244140625,0.0,0.25,0.0,True
71,8.71799999999348,0.8898293860644447,-0.021153279489030487,0.1800079345703125,0.0,0.25,0.0,True
72,8.827999999979511,0.9017077858746414,-0.021397947939272858,0.25,0.0,0.25,0.0,True
73,8.936999999976251,0.9116661263031063,-0.021777117933912852,0.100006103515625,0.0,0.25,0.0,True
74,9.077999999979511,0.9336242501824413,-0.022032185991924604,0.1399993896484375,0.0,0.25,0.0,True
75,9.186999999976251,0.9461020241723246,-0.022618621240056813,0.19000244140625,0.0,0.25,0.0,True
76,9.295999999972992,0.9570199578066404,-0.023003319136877174,0.1999969482421875,0.0,0.25,0.0,True
77,9.452999999979511,0.9830564357778617,-0.023565828510043307,0.1800079345703125,0.0,0.25,0.0,True
78,9.561999999976251,0.9940947402451618,-0.023876307261424295,0.1699981689453125,0.0,0.25,0.0,True
79,9.670999999972992,1.005373106378059,-0.024185006709437205,0.160003662109375,0.0,0.25,0.0,True
80,9.795999999972992,1.0171307671319672,-0.024638751121385385,0.1300048828125,0.0,0.25,0.0,True
81,9.920999999972992,1.026970908948658,-0.024387383386162385,0.1800079345703125,0.0,0.25,0.0,True
82,10.03100000001723,1.0394489207649504,-0.024704573931725503,0.1699981689453125,0.0,0.25,0.0,True
83,10.14000000001397,1.0633247129940289,-0.025518367931637937,0.100006103515625,0.0,0.25,0.0,True
84,10.26500000001397,1.074603358800074,-0.02581214664546804,0.05999755859375,0.0,0.25,0.0,True
85,10.375,1.086122399915305,-0.025961225322151907,0.05999755859375,0.0,0.25,0.0,True
86,10.5,1.0981215846896542,-0.02610166521341932,-0.0399932861328125,0.0,0.25,0.0,True
87,10.625,1.1107207984237328,-0.026301330411306317,-0.019989013671875,0.0,0.25,0.0,True
88,10.73399999999674,1.122120063512375,-0.026504053046928454,-0.0099945068359375,0.0,0.25,0.0,True
89,10.85899999999674,1.1456386106884562,-0.02675378010331491,-0.1100006103515625,0.0,0.25,0.0,True
90,11.0,1.1555981636182815,-0.02694743318050616,-0.0699920654296875,0.0,0.25,0.0,True
91,11.125,1.1685573748558475,-0.027215746416226164,-0.0500030517578125,0.0,0.25,0.0,True
92,11.23399999999674,1.1801966664160763,-0.027262562373967916,-0.160003662109375,0.0,0.25,0.0,True
93,11.327999999979511,1.1920763066888165,-0.02743998430014046,-0.1399993896484375,0.0,0.25,0.0,True
94,11.452999999979511,1.215235172039499,-0.0278955319288833,-0.0800018310546875,0.0,0.25,0.0,True
95,11.59299999999348,1.2269946252448556,-0.028008306283099284,-0.1399993896484375,0.0,0.25,0.0,True
96,11.702999999979511,1.2395941875711525,-0.02818401234865012,-0.1199951171875,0.0,0.25,0.0,True
97,11.795999999972992,1.2515935397259674,-0.028297204979860463,-0.1399993896484375,0.0,0.25,0.0,True
98,11.90600000001723,1.2631128235559592,-0.02825252469184683,-0.2599945068359375,0.0,0.25,0.0,True
99,12.01500000001397,1.2727114826439399,-0.028073931264339835,-0.2299957275390625,0.0,0.25,0.0,True
100,12.125,1.2861530445396,-0.028717304690079107,-0.220001220703125,0.0,0.25,0.0,True
101,12.23399999999674,1.297672713466304,-0.02880728276898259,-0.269989013671875,0.0,0.25,0.0,True
102,12.327999999979511,1.309552019283333,-0.02880927234941826,-0.3199920654296875,0.0,0.25,0.0,True
103,12.436999999976251,1.3210731016786723,-0.02916708751325675,-0.3000030517578125,0.0,0.25,0.0,True
104,12.561999999976251,1.3437528241566814,-0.029403041456826498,-0.3000030517578125,0.0,0.25,0.0,True
105,12.65600000001723,1.3565946995129916,-0.029965325018886012,-0.2299957275390625,0.0,0.25,0.0,True
106,12.76500000001397,1.3565946995129916,-0.029965325018886012,-0.2299957275390625,0.0,0.25,0.0,True
107,12.875,1.3796346571089806,-0.030280304170885237,-0.2299957275390625,0.0,0.25,0.0,True
108,12.98399999999674,1.3915146222480947,-0.03043509711742836,-0.1999969482421875,0.0,0.25,0.0,True
109,13.09299999999348,1.4031544052417781,-0.030586854670326152,-0.3199920654296875,0.0,0.25,0.0,True
110,13.202999999979511,1.4147946509817553,-0.030723385010419893,-0.3699951171875,0.0,0.25,0.0,True
111,13.311999999976251,1.4265524817994581,-0.030501338748147713,-0.399993896484375,0.0,0.25,0.0,True
112,13.420999999972992,1.4383142445910553,-0.03083374662316243,-0.4499969482421875,0.0,0.25,0.0,True
113,13.53100000001723,1.4488706523912975,-0.030465739807702605,-0.5099945068359375,0.0,0.25,0.0,True
114,13.64000000001397,1.4613531825347648,-0.030760337912857285,-0.6100006103515625,0.0,0.25,0.0,True
115,13.76500000001397,1.4858393122321951,-0.03149444233826038,-0.489990234375,0.0,0.25,0.0,True
116,13.875,1.497242683877941,-0.032033512049779354,-0.3799896240234375,0.0,0.25,0.0,True
117,14.0,1.5087643380100033,-0.03253132532421248,-0.220001220703125,0.0,0.25,0.0,True
118,14.14000000001397,1.5202845539606697,-0.032762064609253246,-0.220001220703125,0.0,0.25,0.0,True
119,14.25,1.5316844496586086,-0.03292616679071478,-0.239990234375,0.0,0.25,0.0,True
120,14.35899999999674,1.5555633753845748,-0.03302402895816259,-0.279998779296875,0.0,0.25,0.0,True
121,14.452999999979511,1.566963407246158,-0.03317761782556479,-0.2899932861328125,0.0,0.25,0.0,True
122,14.577999999979511,1.5783628668749836,-0.03318264307896925,-0.3499908447265625,0.0,0.25,0.0,True
123,14.686999999976251,1.5903624160290102,-0.03323285208989617,-0.459991455078125,0.0,0.25,0.0,True
124,14.795999999972992,1.6015218456993023,-0.033213049712689804,-0.470001220703125,0.0,0.25,0.0,True
125,14.90600000001723,1.6143622056231568,-0.03331443600573124,-0.4799957275390625,0.0,0.25,0.0,True
126,15.01500000001397,1.626244179606513,-0.033560388815647,-0.55999755859375,0.0,0.25,0.0,True
127,15.125,1.6378833021450099,-0.03352636865291019,-0.489990234375,0.0,0.25,0.0,True
128,15.21799999999348,1.6491642948708727,-0.03371312442625267,-0.459991455078125,0.0,0.25,0.0,True
129,15.327999999979511,1.6606852256625324,-0.03390336685275456,-0.399993896484375,0.0,0.25,0.0,True
130,15.46799999999348,1.6837258497796896,-0.0341408957320959,-0.410003662109375,0.0,0.25,0.0,True
131,15.65600000001723,1.6952467585246618,-0.03433300257476916,-0.399993896484375,0.0,0.25,0.0,True
132,15.84299999999348,1.718165948483367,-0.03433982466729839,-0.5399932861328125,0.0,0.25,0.0,True
133,16.04599999997299,1.7397628112116452,-0.034106158216632765,-0.6699981689453125,0.0,0.25,0.0,True
134,16.35899999999674,1.77373874607615,-0.036070819930639146,-0.279998779296875,0.0,0.25,0.0,True
135,16.48399999999674,1.7963002371293932,-0.03711590845861942,-0.089996337890625,0.0,0.25,0.0,True
136,16.59299999999348,1.8058996429614602,-0.03710373101083513,-0.0500030517578125,0.0,0.25,0.0,True
137,16.70299999997951,1.8196993527315122,-0.037563329468360954,-0.1399993896484375,0.0,0.25,0.0,True
138,16.81199999997625,1.8310986850654436,-0.03759929770432004,-0.17999267578125,0.0,0.25,0.0,True
139,16.93699999997625,1.842738227439082,-0.037772626477137264,-0.1399993896484375,0.0,0.25,0.0,True
140,17.07799999997951,1.8672171694821371,-0.03795338951869765,-0.2899932861328125,0.0,0.25,0.0,True
141,17.20299999997951,1.8789761381611263,-0.03788924416725755,-0.3000030517578125,0.0,0.25,0.0,True
142,17.35899999999674,1.8886955138204715,-0.03791540143510554,-0.2899932861328125,0.0,0.25,0.0,True
143,17.5,1.9136565396884684,-0.03831886702603179,-0.3899993896484375,0.0,0.25,0.0,True
144,17.67099999997299,1.9368163814858188,-0.038685124650168254,-0.3199920654296875,0.0,0.25,0.0,True
145,17.84299999999348,1.947495038600504,-0.03855432055814908,-0.339996337890625,0.0,0.25,0.0,True
146,18.0,1.9599763629520506,-0.03889355795721906,-0.3300018310546875,0.0,0.25,0.0,True
147,18.15600000001723,1.9827774136122442,-0.039319977145357767,-0.3499908447265625,0.0,0.25,0.0,True
148,18.29599999997299,2.0073778413233847,-0.039651120738096735,-0.30999755859375,0.0,0.25,0.0,True
149,18.46799999999348,2.030178645484383,-0.039918397906423056,-0.42999267578125,0.0,0.25,0.0,True
150,18.625,2.042298913755468,-0.040037722550275386,-0.410003662109375,0.0,0.25,0.0,True
151,18.78100000001723,2.0639014774375557,-0.04059613450776971,-0.3699951171875,0.0,0.25,0.0,True
152,18.93699999997625,2.0730205466294898,-0.04053798955223543,-0.399993896484375,0.0,0.0,0.0,True
153,19.14000000001397,2.0849008961206423,-0.04065296798976627,-0.529998779296875,0.0,0.0,0.0,True
154,19.28100000001723,2.0849008961206423,-0.04065296798976627,-0.5999908447265625,0.0,0.25,0.0,True
155,19.5,2.0928200818988163,-0.04056959578998132,-0.5399932861328125,0.0,0.25,0.0,True
156,19.65600000001723,2.1124997380471493,-0.04066389518149897,-0.5699920654296875,0.0,0.0,0.0,True
157,19.84299999999348,2.116944062338236,-0.04110425610224428,-0.5699920654296875,0.0,0.0,0.0,True
158,20.04599999997299,2.116944062338236,-0.04110425610224428,-0.3499908447265625,0.0,0.0,0.0,True
159,20.25,2.116944062338236,-0.04110425610224428,-0.3699951171875,0.0,0.0,0.0,True
160,20.40600000001723,2.116944062338236,-0.04110425610224428,-0.3600006103515625,0.0,0.0,0.15,True
161,20.57799999997951,2.116944062338236,-0.04110425610224428,-0.3699951171875,0.0,0.0,0.15,True
162,20.71799999999348,2.116944062338236,-0.04110425610224428,3.4000091552734375,0.0,0.0,0.15,True
163,20.82799999997951,2.116944062338236,-0.04110425610224428,6.07000732421875,0.0,0.0,0.15,True
164,20.93699999997625,2.116944062338236,-0.04110425610224428,8.94000244140625,0.0,0.0,0.15,True
165,21.07799999997951,2.116944062338236,-0.04110425610224428,14.699996948242188,0.0,0.0,0.15,True
166,21.21799999999348,2.116944062338236,-0.04110425610224428,17.51000213623047,0.0,0.0,0.15,True
167,21.32799999997951,2.116944062338236,-0.04110425610224428,20.45000457763672,0.0,0.0,0.15,True
168,21.42099999997299,2.116944062338236,-0.04110425610224428,23.5,0.0,0.0,0.15,True
169,21.53100000001723,2.116944062338236,-0.04110425610224428,26.160003662109375,0.0,0.0,0.15,True
170,21.64000000001397,2.116944062338236,-0.04110425610224428,29.090003967285156,0.0,0.0,0.15,True
171,21.75,2.116944062338236,-0.04110425610224428,32.05000305175781,0.0,0.0,0.15,True
172,21.85899999999674,2.116944062338236,-0.04110425610224428,35.1300048828125,0.0,0.0,0.15,True
173,21.95299999997951,2.116944062338236,-0.04110425610224428,38.12000274658203,0.0,0.0,0.15,True
174,22.07799999997951,2.116944062338236,-0.04110425610224428,43.790000915527344,0.0,0.0,0.15,True
175,22.23399999999674,2.116944062338236,-0.04110425610224428,46.80000305175781,0.0,0.0,0.15,True
176,22.42099999997299,2.116944062338236,-0.04110425610224428,52.64000701904297,0.0,0.0,0.15,True
177,22.59299999999348,2.116944062338236,-0.04110425610224428,58.45000457763672,0.0,0.0,0.15,True
178,22.76500000001397,2.116944062338236,-0.04110425610224428,61.45000457763672,0.0,0.0,0.15,True
179,22.92099999997299,2.116944062338236,-0.04110425610224428,67.16000366210938,0.0,0.0,0.15,True
180,23.06199999997625,2.116944062338236,-0.04110425610224428,70.08000183105469,0.0,0.0,0.15,True
181,23.20299999997951,2.116944062338236,-0.04110425610224428,75.99000549316406,0.0,0.0,0.15,True
182,23.34299999999348,2.116944062338236,-0.04110425610224428,78.93000030517578,0.0,0.0,0.15,True
183,23.46799999999348,2.116944062338236,-0.04110425610224428,84.61000442504883,0.0,0.0,0.0,True
184,23.59299999999348,2.116944062338236,-0.04110425610224428,87.35000228881836,0.0,0.0,0.0,True
185,23.70299999997951,2.116944062338236,-0.04110425610224428,87.3900032043457,0.0,0.0,0.0,True
186,23.81199999997625,2.116944062338236,-0.04110425610224428,87.3800048828125,0.0,0.0,0.0,True
187,23.92099999997299,2.116944062338236,-0.04110425610224428,87.3800048828125,0.0,0.0,0.0,True
188,24.04599999997299,2.116944062338236,-0.04110425610224428,87.3800048828125,0.0,0.0,0.0,True
189,24.17099999997299,2.116944062338236,-0.04110425610224428,87.3800048828125,0.0,0.0,0.0,True
190,24.35899999999674,2.116944062338236,-0.04110425610224428,87.37000274658203,0.0,0.0,0.0,True
191,24.46799999999348,2.116944062338236,-0.04110425610224428,87.37000274658203,0.0,0.0,0.0,True
192,24.57799999997951,2.116944062338236,-0.04110425610224428,87.37000274658203,0.0,0.0,0.0,True
193,24.68699999997625,2.116944062338236,-0.04110425610224428,87.3800048828125,0.0,0.0,0.0,True
194,24.79599999997299,2.116944062338236,-0.04110425610224428,87.36000442504883,0.0,0.0,0.0,True
195,24.92099999997299,2.116944062338236,-0.04110425610224428,87.36000442504883,0.0,0.0,0.0,True
196,25.06199999997625,2.116944062338236,-0.04110425610224428,87.3800048828125,0.0,0.0,0.0,True
197,25.21799999999348,2.116944062338236,-0.04110425610224428,87.37000274658203,0.0,0.0,0.0,True
198,25.35899999999674,2.116944062338236,-0.04110425610224428,87.36000442504883,0.0,0.0,0.0,True
199,25.5,2.116944062338236,-0.04110425610224428,87.36000442504883,0.0,0.0,0.0,True
200,25.70299999997951,2.116944062338236,-0.04110425610224428,87.37000274658203,0.0,0.0,0.0,True
201,25.89000000001397,2.116944062338236,-0.04110425610224428,87.35000228881836,0.0,0.0,0.0,True
202,26.03100000001723,2.116944062338236,-0.04110425610224428,87.35000228881836,0.0,0.0,0.15,True
203,26.20299999997951,2.116944062338236,-0.04110425610224428,88.47000503540039,0.0,0.0,0.15,True
204,26.375,2.116944062338236,-0.04110425610224428,91.36000442504883,0.0,0.0,0.0,True
205,26.54599999997299,2.116944062338236,-0.04110425610224428,96.35000228881836,0.0,0.0,0.0,True
206,26.65600000001723,2.116944062338236,-0.04110425610224428,96.01000213623047,0.0,0.0,0.0,True
207,26.78100000001723,2.116944062338236,-0.04110425610224428,95.99000549316406,0.0,0.0,0.0,True
208,26.89000000001397,2.116944062338236,-0.04110425610224428,95.99000549316406,0.0,0.0,0.0,True
209,27.0,2.116944062338236,-0.04110425610224428,95.99000549316406,0.0,0.0,0.0,True
210,27.10899999999674,2.116944062338236,-0.04110425610224428,95.9800033569336,0.0,0.0,0.0,True
211,27.23399999999674,2.116944062338236,-0.04110425610224428,95.9800033569336,0.0,0.0,0.0,True
212,27.40600000001723,2.116944062338236,-0.04110425610224428,95.97000503540039,0.0,0.0,0.0,True
213,27.56199999997625,2.116944062338236,-0.04110425610224428,95.97000503540039,0.0,0.0,0.0,True
214,27.70299999997951,2.116944062338236,-0.04110425610224428,95.97000503540039,0.0,0.0,0.0,True
215,27.82799999997951,2.116944062338236,-0.04110425610224428,95.97000503540039,0.0,0.0,-0.15,True
216,27.93699999997625,2.116944062338236,-0.04110425610224428,95.97000503540039,0.0,0.0,-0.15,True
217,28.07799999997951,2.116944062338236,-0.04110425610224428,95.92000198364258,0.0,0.0,0.0,True
218,28.20299999997951,2.116944062338236,-0.04110425610224428,89.90000534057617,0.0,0.0,0.0,True
219,28.32799999997951,2.116944062338236,-0.04110425610224428,90.37000274658203,0.0,0.0,0.0,True
220,28.43699999997625,2.116944062338236,-0.04110425610224428,90.37000274658203,0.0,0.0,0.0,True
221,28.54599999997299,2.116944062338236,-0.04110425610224428,90.37000274658203,0.0,0.0,0.0,True
222,28.70299999997951,2.116944062338236,-0.04110425610224428,90.37000274658203,0.0,0.0,0.0,True
223,28.90600000001723,2.116944062338236,-0.04110425610224428,90.3800048828125,0.0,0.25,0.0,True
224,29.07799999997951,2.1168709123491047,-0.04170375314836362,90.36000442504883,0.0,0.25,0.0,True
225,29.18699999997625,2.1159899463182286,-0.05009840166541184,90.16000366210938,0.0,0.25,0.0,True
226,29.32799999997951,2.115049762200581,-0.07073248564020104,90.37000274658203,0.0,0.25,0.0,True
227,29.43699999997625,2.1148389068921944,-0.08225056705858362,90.35000228881836,0.0,0.25,0.0,True
228,29.57799999997951,2.114323247048706,-0.09544594464780472,90.45000457763672,0.0,0.25,0.0,True
229,29.73399999999674,2.113786622219606,-0.11860069857992342,90.50000381469727,0.0,0.25,0.0,True
230,29.875,2.113007380049175,-0.1409122308997792,90.58000183105469,0.0,0.25,0.0,True
231,30.07799999997951,2.1125209252918773,-0.15374657098237482,90.67000198364258,0.0,0.25,0.0,True
232,30.23399999999674,2.1118623136430834,-0.17689840636821233,90.87000274658203,0.0,0.25,0.0,True
233,30.35899999999674,2.110868616577457,-0.19164376223727816,90.92000198364258,0.0,0.25,0.0,True
234,30.5,2.1101046936660666,-0.21551215353693567,91.00000381469727,0.0,0.25,0.0,True
235,30.60899999999674,2.1099762823721284,-0.22667087598251232,90.96000289916992,0.0,0.25,0.0,True
236,30.73399999999674,2.110268596076329,-0.23879589244969546,90.85000228881836,0.0,0.25,0.0,True
237,30.84299999999348,2.10988401338502,-0.2513909643443389,90.78000259399414,0.0,0.25,0.0,True
238,30.96799999999348,2.10952221650523,-0.2625462231153266,90.80000305175781,0.0,0.25,0.0,True
239,31.10899999999674,2.1085464073982076,-0.2864124638381497,90.82000350952148,0.0,0.25,0.0,True
240,31.23399999999674,2.1081559089550344,-0.2980467948268858,90.95000457763672,0.0,0.25,0.0,True
241,31.34299999999348,2.107680336110822,-0.30955955389005396,91.00000381469727,0.0,0.25,0.0,True
242,31.45299999997951,2.1074768371288615,-0.32131695428382157,90.93000411987305,0.0,0.25,0.0,True
243,31.57799999997951,2.107652259372748,-0.3331998642140448,90.80000305175781,0.0,0.25,0.0,True
244,31.71799999999348,2.107784152081502,-0.35576200549136433,90.6300048828125,0.0,0.25,0.0,True
245,31.875,2.1079326016527236,-0.3687228632135749,90.56000518798828,0.0,0.25,0.0,True
246,32.01500000001397,2.106846068420794,-0.3924711328688796,90.67000198364258,0.0,0.25,0.0,True
247,32.15600000001723,2.106353397230461,-0.4045851617944546,90.54000473022461,0.0,0.25,0.0,True
248,32.31199999997625,2.1057938246049748,-0.42809817785356624,90.75000381469727,0.0,0.25,0.0,True
249,32.48399999999674,2.1052791975044776,-0.43997112998487614,90.83000183105469,0.0,0.25,0.0,True
250,32.65600000001723,2.1045917687215074,-0.463841981969816,90.84000396728516,0.0,0.25,0.0,True
251,32.78100000001723,2.1042735831571644,-0.47559759355626147,90.90000534057617,0.0,0.25,0.0,True
252,32.89000000001397,2.104058173394865,-0.49959539157902594,90.86000442504883,0.0,0.25,0.0,True
253,33.0,2.103458596150911,-0.5118268246962585,90.8900032043457,0.0,0.25,0.0,True
254,33.10899999999674,2.1029851682157243,-0.5240596853085429,90.96000289916992,0.0,0.25,0.0,True
255,33.23399999999674,2.1025990442573335,-0.5354542074126643,90.8900032043457,0.0,0.25,0.0,True
256,33.32799999997951,2.1025624874824578,-0.5469742258319564,90.84000396728516,0.0,0.25,0.0,True
257,33.48399999999674,2.102535578254049,-0.5587340584518656,90.74000549316406,0.0,0.25,0.0,True
258,33.67099999997299,2.1024805507039863,-0.5799734189174551,90.76000213623047,0.0,0.25,0.0,True
259,33.84299999999348,2.101057851070904,-0.6055136770066829,90.94000244140625,0.0,0.25,0.0,True
260,33.95299999997951,2.1008654998623637,-0.6165514239998993,91.05000305175781,0.0,0.25,0.0,True
261,34.07799999997951,2.1000783430351193,-0.6290181232478337,91.05000305175781,0.0,0.25,0.0,True
262,34.20299999997951,2.1001654186803713,-0.6407804232131621,90.81000518798828,0.0,0.25,0.0,True
263,34.32799999997951,2.10033286365953,-0.6536231031975215,90.77000427246094,0.0,0.25,0.0,True
264,34.5,2.100087209284748,-0.688900503401919,90.59000396728516,0.0,0.25,0.0,True
265,34.65600000001723,2.0997497373756664,-0.70053670759467,90.67000198364258,0.0,0.25,0.0,True
266,34.82799999997951,2.0991245330293866,-0.7244092253365828,90.61000442504883,0.0,0.25,0.0,True
267,34.98399999999674,2.0987808217692114,-0.7362852485674494,90.69000244140625,0.0,0.25,0.0,True
268,35.07799999997951,2.09841824600967,-0.748160762324725,90.74000549316406,0.0,0.25,0.0,True
269,35.18699999997625,2.0985487225995936,-0.7606420030355701,90.6300048828125,0.0,0.25,0.0,True
270,35.29599999997299,2.0979966639452425,-0.7831963459080813,90.80000305175781,0.0,0.25,0.0,True
271,35.42099999997299,2.097113334358711,-0.7973445844117111,90.74000549316406,0.0,0.25,0.0,True
272,35.57799999997951,2.0973407301715628,-0.8073075766111256,90.74000549316406,0.0,0.25,0.0,True
273,35.75,2.0962640544147417,-0.8306937416780772,90.78000259399414,0.0,0.25,0.0,True
274,35.875,2.0960086086099077,-0.8452106219870507,90.72000503540039,0.0,0.25,0.0,True
275,36.0,2.0953598019017114,-0.867882240656599,90.82000350952148,0.0,0.25,0.0,True
276,36.17099999997299,2.0951079503001955,-0.8809590295555942,90.79000473022461,0.0,0.25,0.0,True
277,36.29599999997299,2.0945303418520473,-0.9055514079182311,90.93000411987305,0.0,0.25,0.0,True
278,36.42099999997299,2.0938426569876496,-0.9179010145836695,90.94000244140625,0.0,0.25,0.0,True
279,36.57799999997951,2.0935752819034135,-0.9300173766297041,90.93000411987305,0.0,0.25,0.0,True
280,36.75,2.0934944166894875,-0.9532968780700647,90.77000427246094,0.0,0.25,0.0,True
281,36.90600000001723,2.0935773332657215,-0.9769380575529527,90.58000183105469,0.0,0.25,0.0,True
282,37.04599999997299,2.093477165592523,-0.9874969324570398,90.51000213623047,0.0,0.25,0.0,True
283,37.15600000001723,2.0933001532622986,-0.9993750286301155,90.50000381469727,0.0,0.25,0.0,True
284,37.26500000001397,2.0929627014462517,-1.0126912025151724,90.62000274658203,0.0,0.25,0.0,True
285,37.375,2.092818737269433,-1.0254092745678893,90.6400032043457,0.0,0.25,0.0,True
286,37.51500000001397,2.09204903482408,-1.0380004535641345,90.66000366210938,0.0,0.25,0.0,True
287,37.60899999999674,2.0912542575593744,-1.0621104296451434,90.72000503540039,0.0,0.0,0.0,True
288,37.76500000001397,2.09157444732563,-1.0641545587618881,90.78000259399414,0.0,0.0,0.0,True
289,37.89000000001397,2.09157444732563,-1.0641545587618881,90.55000305175781,0.0,0.0,0.0,True
290,37.98399999999674,2.09157444732563,-1.0641545587618881,90.53000259399414,0.0,0.0,0.0,True
291,38.10899999999674,2.09157444732563,-1.0641545587618881,90.55000305175781,0.0,0.25,0.0,True
292,38.26500000001397,2.0914854775508163,-1.0661936219925656,90.56000518798828,0.0,0.25,0.0,True
293,38.39000000001397,2.091065636605593,-1.0759100038283256,90.60000228881836,0.0,0.0,0.0,True
294,38.51500000001397,2.090783734850501,-1.0867065732509102,90.85000228881836,0.0,0.0,0.0,True
295,38.64000000001397,2.090269120078678,-1.0887391431588915,90.45000457763672,0.0,0.0,0.0,True
296,38.73399999999674,2.090269120078678,-1.0887391431588915,90.41000366210938,0.0,0.0,0.0,True
297,38.84299999999348,2.090269120078678,-1.0887391431588915,90.42000198364258,0.0,0.0,0.0,True
298,38.95299999997951,2.090269120078678,-1.0887391431588915,90.41000366210938,0.0,0.0,0.0,True
299,39.09299999999348,2.090269120078678,-1.0887391431588915,90.41000366210938,0.0,0.0,0.15,True
300,39.20299999997951,2.090269120078678,-1.0887391431588915,90.49000549316406,0.0,0.0,0.15,True
301,39.29599999997299,2.090269120078678,-1.0887391431588915,92.72000503540039,0.0,0.0,0.15,True
302,39.40600000001723,2.090269120078678,-1.0887391431588915,95.4800033569336,0.0,0.0,0.15,True
303,39.51500000001397,2.090269120078678,-1.0887391431588915,98.15000534057617,0.0,0.0,0.15,True
304,39.625,2.090269120078678,-1.0887391431588915,101.10000228881836,0.0,0.0,0.15,True
305,39.73399999999674,2.090269120078678,-1.0887391431588915,104.05000305175781,0.0,0.0,0.15,True
306,39.82799999997951,2.090269120078678,-1.0887391431588915,107.04000473022461,0.0,0.0,0.15,True
307,39.95299999997951,2.090269120078678,-1.0887391431588915,109.74000549316406,0.0,0.0,0.15,True
308,40.09299999999348,2.090269120078678,-1.0887391431588915,112.68000411987305,0.0,0.0,0.15,True
309,40.20299999997951,2.090269120078678,-1.0887391431588915,118.41000366210938,0.0,0.0,0.15,True
310,40.34299999999348,2.090269120078678,-1.0887391431588915,119.60000419616699,0.0,0.0,0.15,True
311,40.51500000001397,2.090269120078678,-1.0887391431588915,127.03000450134277,0.0,0.0,0.15,True
312,40.65600000001723,2.090269120078678,-1.0887391431588915,129.84000396728516,0.0,0.0,0.15,True
313,40.76500000001397,2.090269120078678,-1.0887391431588915,132.71000385284424,0.0,0.0,0.15,True
314,40.89000000001397,2.090269120078678,-1.0887391431588915,135.47000408172607,0.0,0.0,0.15,True
315,41.03100000001723,2.090269120078678,-1.0887391431588915,141.48000359535217,0.0,0.0,0.15,True
316,41.18699999997625,2.090269120078678,-1.0887391431588915,144.34000366926193,0.0,0.0,0.15,True
317,41.29599999997299,2.090269120078678,-1.0887391431588915,147.07000374794006,0.0,0.0,0.15,True
318,41.40600000001723,2.090269120078678,-1.0887391431588915,152.9200038909912,0.0,0.0,0.15,True
319,41.51500000001397,2.090269120078678,-1.0887391431588915,155.91000366210938,0.0,0.0,0.15,True
320,41.625,2.090269120078678,-1.0887391431588915,158.78000354766846,0.0,0.0,0.15,True
321,41.73399999999674,2.090269120078678,-1.0887391431588915,158.78000354766846,0.0,0.0,0.15,True
322,41.85899999999674,2.090269120078678,-1.0887391431588915,165.34000396728516,0.0,0.0,0.15,True
323,41.96799999999348,2.090269120078678,-1.0887391431588915,168.57000350952148,0.0,0.0,0.15,True
324,42.07799999997951,2.090269120078678,-1.0887391431588915,171.25000381469727,0.0,0.0,0.15,True
325,42.20299999997951,2.090269120078678,-1.0887391431588915,174.03000450134277,0.0,0.0,0.0,True
326,42.31199999997625,2.090269120078678,-1.0887391431588915,178.96000289916992,0.0,0.0,0.0,True
327,42.43699999997625,2.090269120078678,-1.0887391431588915,178.69000244140625,0.0,0.0,0.0,True
328,42.56199999997625,2.090269120078678,-1.0887391431588915,178.71000289916992,0.0,0.0,0.0,True
329,42.67099999997299,2.090269120078678,-1.0887391431588915,178.7200050354004,0.0,0.0,0.0,True
330,42.79599999997299,2.090269120078678,-1.0887391431588915,178.71000289916992,0.0,0.0,0.0,True
331,42.90600000001723,2.090269120078678,-1.0887391431588915,178.70000457763672,0.0,0.0,0.0,True
332,43.0,2.090269120078678,-1.0887391431588915,178.69000244140625,0.0,0.0,0.0,True
333,43.125,2.090269120078678,-1.0887391431588915,178.70000457763672,0.0,0.0,0.0,True
334,43.25,2.090269120078678,-1.0887391431588915,178.70000457763672,0.0,0.0,0.0,True
335,43.375,2.090269120078678,-1.0887391431588915,178.70000457763672,0.0,0.0,0.0,True
336,43.48399999999674,2.090269120078678,-1.0887391431588915,178.70000457763672,0.0,0.0,0.0,True
337,43.625,2.090269120078678,-1.0887391431588915,178.71000289916992,0.0,0.0,0.0,True
338,43.75,2.090269120078678,-1.0887391431588915,178.71000289916992,0.0,0.0,0.0,True
339,43.875,2.090269120078678,-1.0887391431588915,178.71000289916992,0.0,0.0,0.0,True
340,44.0,2.090269120078678,-1.0887391431588915,178.71000289916992,0.0,0.0,0.0,True
341,44.14000000001397,2.090269120078678,-1.0887391431588915,178.7200050354004,0.0,0.0,0.0,True
342,44.25,2.090269120078678,-1.0887391431588915,178.71000289916992,0.0,0.0,-0.15,True
343,44.35899999999674,2.090269120078678,-1.0887391431588915,178.71000289916992,0.0,0.0,-0.15,True
344,44.46799999999348,2.090269120078678,-1.0887391431588915,177.03000259399414,0.0,0.0,0.0,True
345,44.59299999999348,2.090269120078678,-1.0887391431588915,174.7600040435791,0.0,0.0,0.0,True
346,44.73399999999674,2.090269120078678,-1.0887391431588915,173.47000312805176,0.0,0.0,0.0,True
347,44.84299999999348,2.090269120078678,-1.0887391431588915,173.46000289916992,0.0,0.0,0.0,True
348,44.96799999999348,2.090269120078678,-1.0887391431588915,173.45000457763672,0.0,0.0,0.0,True
349,45.07799999997951,2.090269120078678,-1.0887391431588915,173.46000289916992,0.0,0.0,0.0,True
350,45.17099999997299,2.090269120078678,-1.0887391431588915,173.46000289916992,0.0,0.0,0.15,True
351,45.31199999997625,2.090269120078678,-1.0887391431588915,173.46000289916992,0.0,0.0,0.0,True
352,45.45299999997951,2.090269120078678,-1.0887391431588915,177.17000198364258,0.0,0.0,0.0,True
353,45.56199999997625,2.090269120078678,-1.0887391431588915,176.94000244140625,0.0,0.0,0.0,True
354,45.68699999997625,2.090269120078678,-1.0887391431588915,176.9700050354004,0.0,0.0,0.0,True
355,45.78100000001723,2.090269120078678,-1.0887391431588915,176.99000549316406,0.0,0.0,0.0,True
356,45.90600000001723,2.090269120078678,-1.0887391431588915,177.01000213623047,0.0,0.0,0.0,True
357,46.04599999997299,2.090269120078678,-1.0887391431588915,177.02000427246094,0.0,0.0,0.0,True
358,46.15600000001723,2.090269120078678,-1.0887391431588915,177.03000259399414,0.0,0.0,0.15,True
359,46.28100000001723,2.090269120078678,-1.0887391431588915,177.0400047302246,0.0,0.0,0.15,True
360,46.39000000001397,2.090269120078678,-1.0887391431588915,178.49000549316406,0.0,0.0,0.0,True
361,46.5,2.090269120078678,-1.0887391431588915,-178.7799949645996,0.0,0.0,0.0,True
362,46.625,2.090269120078678,-1.0887391431588915,-176.9199981689453,0.0,0.0,0.0,True
363,46.73399999999674,2.090269120078678,-1.0887391431588915,-177.00999450683594,0.0,0.0,-0.15,True
364,46.84299999999348,2.090269120078678,-1.0887391431588915,-177.05999755859375,0.0,0.0,0.0,True
365,46.98399999999674,2.090269120078678,-1.0887391431588915,-178.6699981689453,0.0,0.0,0.0,True
366,47.10899999999674,2.090269120078678,-1.0887391431588915,-179.81999588012695,0.0,0.0,0.0,True
367,47.21799999999348,2.090269120078678,-1.0887391431588915,-179.78999710083008,0.0,0.0,0.0,True
368,47.32799999997951,2.090269120078678,-1.0887391431588915,-179.7799949645996,0.0,0.0,0.0,True
369,47.45299999997951,2.090269120078678,-1.0887391431588915,-179.7799949645996,0.0,0.0,0.0,True
370,47.57799999997951,2.090269120078678,-1.0887391431588915,-179.7699966430664,0.0,0.25,0.0,True
371,47.76500000001397,2.084390408909893,-1.0886274816381465,-179.34999465942383,0.0,0.25,0.0,True
372,47.92099999997299,2.063400604165663,-1.087867570329945,-179.25999450683594,0.0,0.25,0.0,True
373,48.03100000001723,2.0526005505116895,-1.0878367208294386,-179.1199951171875,0.0,0.25,0.0,True
374,48.15600000001723,2.040965155667205,-1.0874689002266742,-179.2699966430664,0.0,0.25,0.0,True
375,48.26500000001397,2.0295626744345014,-1.087693326588126,-179.4599952697754,0.0,0.25,0.0,True
376,48.375,2.017926069852472,-1.0873728044920292,-179.46999740600586,0.0,0.25,0.0,True
377,48.5,2.006767891563451,-1.0872024725383533,-179.48999786376953,0.0,0.25,0.0,True
378,48.625,1.9834917218640558,-1.0868543644608242,-179.46999740600586,0.0,0.25,0.0,True
379,48.76500000001397,1.9713713230555985,-1.086954576213423,-179.48999786376953,0.0,0.25,0.0,True
380,48.875,1.9602183512128235,-1.0862278531729284,-179.4599952697754,0.0,0.25,0.0,True
381,49.01500000001397,1.9487011438640225,-1.0859810665373884,-179.42999649047852,0.0,0.25,0.0,True
382,49.17099999997299,1.9243487505767203,-1.0852602564579854,-179.4499969482422,0.0,0.25,0.0,True
383,49.26500000001397,1.9131880520012863,-1.0853610315306095,-179.42999649047852,0.0,0.25,0.0,True
384,49.39000000001397,1.9004766278730656,-1.0845403918891943,-179.40999603271484,0.0,0.25,0.0,True
385,49.5,1.890639322444746,-1.0843013858949078,-179.38999557495117,0.0,0.25,0.0,True
386,49.625,1.877683945692175,-1.0838861482384252,-179.3599967956543,0.0,0.25,0.0,True
387,49.73399999999674,1.8542927044593214,-1.0831290663130417,-179.32999801635742,0.0,0.25,0.0,True
388,49.84299999999348,1.8542927044593214,-1.0831290663130417,-179.32999801635742,0.0,0.25,0.0,True
389,50.0,1.8301758468586042,-1.082908045455451,-179.4199981689453,0.0,0.25,0.0,True
390,50.14000000001397,1.805827348956784,-1.0817700206714935,-179.43999481201172,0.0,0.25,0.0,True
391,50.25,1.7938325776127937,-1.0813490417907288,-179.2699966430664,0.0,0.25,0.0,True
392,50.35899999999674,1.7817134608893395,-1.0812864950364347,-179.31999588012695,0.0,0.25,0.0,True
393,50.48399999999674,1.77043857594798,-1.0808731596941732,-179.29999542236328,0.0,0.25,0.0,True
394,50.60899999999674,1.7588029138291685,-1.0805228451406328,-179.2799949645996,0.0,0.25,0.0,True
395,50.73399999999674,1.7351687540314058,-1.0800536418003475,-179.34999465942383,0.0,0.25,0.0,True
396,50.89000000001397,1.723532749922281,-1.0797117424146268,-179.33999633789062,0.0,0.25,0.0,True
397,51.03100000001723,1.6983395342110925,-1.0791520409631603,-179.34999465942383,0.0,0.25,0.0,True
398,51.17099999997299,1.6867035759275515,-1.0788087915877318,-179.32999801635742,0.0,0.25,0.0,True
399,51.32799999997951,1.662829014485167,-1.07834658941175,-179.4499969482422,0.0,0.25,0.0,True
400,51.43699999997625,1.6514310543771096,-1.0781659029615598,-179.4499969482422,0.0,0.25,0.0,True
401,51.56199999997625,1.6396736399152567,-1.0779167581297944,-179.47999572753906,0.0,0.25,0.0,True
402,51.71799999999348,1.627795210778684,-1.077751376938022,-179.55999755859375,0.0,0.25,0.0,True
403,51.84299999999348,1.6046408097179268,-1.0772136343200427,-179.46999740600586,0.0,0.25,0.0,True
404,51.96799999999348,1.5927639598480727,-1.0769021362476432,-179.5199966430664,0.0,0.25,0.0,True
405,52.10899999999674,1.5807654240003282,-1.0768123579304325,-179.5199966430664,0.0,0.25,0.0,True
406,52.23399999999674,1.5688884607350146,-1.0765034033881005,-179.47999572753906,0.0,0.25,0.0,True
407,52.35899999999674,1.5439336054397155,-1.0760242127503923,-179.57999801635742,0.0,0.25,0.0,True
408,52.5,1.5330140778058954,-1.0760079895353913,-179.5299949645996,0.0,0.25,0.0,True
409,52.67099999997299,1.508782333080988,-1.0751155044352747,-179.59999465942383,0.0,0.25,0.0,True
410,52.78100000001723,1.4975014739185355,-1.0753134852000865,-179.57999801635742,0.0,0.25,0.0,True
411,52.89000000001397,1.485147630767892,-1.0745918433510844,-179.5199966430664,0.0,0.25,0.0,True
412,53.0,1.4735093027068848,-1.074432798410144,-179.58999633789062,0.0,0.25,0.0,True
413,53.125,1.4495138181855178,-1.0739938034532908,-179.49999618530273,0.0,0.25,0.0,True
414,53.25,1.4375172006909016,-1.0736188918439533,-179.5199966430664,0.0,0.25,0.0,True
415,53.375,1.4250365013466069,-1.073795479778704,-179.57999801635742,0.0,0.25,0.0,True
416,53.5,1.4125636252114118,-1.0729935292494441,-179.4499969482422,0.0,0.25,0.0,True
417,53.59299999999348,1.400447172624719,-1.0726686101748457,-179.4499969482422,0.0,0.25,0.0,True
418,53.71799999999348,1.3886898238179224,-1.072422942478127,-179.53999710083008,0.0,0.25,0.0,True
419,53.89000000001397,1.3661346163760826,-1.0719646515213277,-179.56999588012695,0.0,0.25,0.0,True
420,54.01500000001397,1.3408170741508518,-1.0717246503069828,-179.59999465942383,0.0,0.25,0.0,True
421,54.125,1.3287007124444847,-1.071291174278997,-179.63999557495117,0.0,0.25,0.0,True
422,54.26500000001397,1.3171817695297892,-1.0712165139639005,-179.6199951171875,0.0,0.25,0.0,True
423,54.40600000001723,1.3050633757151755,-1.071072044512011,-179.67999649047852,0.0,0.25,0.0,True
424,54.5,1.2923444632686492,-1.070988158521832,-179.58999633789062,0.0,0.25,0.0,True
425,54.60899999999674,1.279869403933155,-1.0703515251734435,-179.6199951171875,0.0,0.25,0.0,True
426,54.75,1.2557550943409042,-1.0697117285542526,-179.5299949645996,0.0,0.25,0.0,True
427,54.875,1.2453177433623202,-1.0694243224187876,-179.57999801635742,0.0,0.25,0.0,True
428,55.0,1.2320016573325883,-1.0689794442803675,-179.57999801635742,0.0,0.25,0.0,True
429,55.125,1.205007259949041,-1.0684264003665347,-179.54999542236328,0.0,0.25,0.0,True
430,55.25,1.1933711786486891,-1.0679881512510823,-179.5299949645996,0.0,0.25,0.0,True
431,55.35899999999674,1.1811338309275914,-1.0677462424184172,-179.46999740600586,0.0,0.25,0.0,True
432,55.5,1.1687771295445133,-1.0674258131381893,-179.47999572753906,0.0,0.25,0.0,True
433,55.625,1.1451415105302536,-1.0670104826991818,-179.5299949645996,0.0,0.25,0.0,True
434,55.73399999999674,1.1321815938280637,-1.06703441281439,-179.46999740600586,0.0,0.25,0.0,True
435,55.84299999999348,1.1194680369960217,-1.0663681045910964,-179.48999786376953,0.0,0.25,0.0,True
436,55.98399999999674,1.107348718142827,-1.0663377456954963,-179.53999710083008,0.0,0.25,0.0,True
437,56.125,1.0831133406234672,-1.065872520352156,-179.54999542236328,0.0,0.25,0.0,True
438,56.23399999999674,1.0711156134555766,-1.065641090598411,-179.55999755859375,0.0,0.25,0.0,True
439,56.34299999999348,1.0585183015472095,-1.0653426360314437,-179.58999633789062,0.0,0.25,0.0,True
440,56.5,1.0466411591548086,-1.065040758913519,-179.5299949645996,0.0,0.25,0.0,True
441,56.64000000001397,1.0244433163939095,-1.0649217957433526,-179.6699981689453,0.0,0.25,0.0,True
442,56.75,1.010167857195468,-1.0643352014238696,-179.64999771118164,0.0,0.25,0.0,True
443,56.85899999999674,0.9981672106043395,-1.064542534354341,-179.65999603271484,0.0,0.25,0.0,True
444,56.98399999999674,0.9853323925852177,-1.063832351427734,-179.59999465942383,0.0,0.25,0.0,True
445,57.07799999997951,0.9739350750478298,-1.0635412797664063,-179.56999588012695,0.0,0.25,0.0,True
446,57.20299999997951,0.9620579012864462,-1.0632403030109374,-179.55999755859375,0.0,0.25,0.0,True
447,57.31199999997625,0.9499407617338501,-1.06293854114202,-179.54999542236328,0.0,0.25,0.0,True
448,57.42099999997299,0.9374619355435838,-1.0628509910081512,-179.54999542236328,0.0,0.25,0.0,True
449,57.53100000001723,0.9140692501063036,-1.0620440299499818,-179.5299949645996,0.0,0.25,0.0,True
450,57.65600000001723,0.9018301218379245,-1.0619613888744024,-179.63999557495117,0.0,0.25,0.0,True
451,57.76500000001397,0.8898323678202567,-1.0617385456660757,-179.57999801635742,0.0,0.25,0.0,True
452,57.875,0.8778344856306259,-1.0615175967419277,-179.6099967956543,0.0,0.25,0.0,True
453,57.98399999999674,0.8654770447704222,-1.061233068517436,-179.67999649047852,0.0,0.25,0.0,True
454,58.10899999999674,0.8534781459675327,-1.061165382408789,-179.65999603271484,0.0,0.25,0.0,True
455,58.25,0.8414799995669061,-1.0609564846802566,-179.67999649047852,0.0,0.25,0.0,True
456,58.39000000001397,0.8156842749750061,-1.0604754445383624,-179.6999969482422,0.0,0.25,0.0,True
457,58.53100000001723,0.7924072817070436,-1.0601977722135631,-179.6699981689453,0.0,0.25,0.0,True
458,58.67099999997299,0.7794500679221188,-1.0597252330871216,-179.75999450683594,0.0,0.25,0.0,True
459,58.81199999997625,0.7674527398799798,-1.059383019150285,-179.63999557495117,0.0,0.25,0.0,True
460,58.92099999997299,0.7552158673023743,-1.059021728981984,-179.6199951171875,0.0,0.25,0.0,True
461,59.04599999997299,0.7312185700379236,-1.058761227672534,-179.72999572753906,0.0,0.25,0.0,True
462,59.15600000001723,0.7192214076220234,-1.0584092973937418,-179.6099967956543,0.0,0.25,0.0,True
463,59.28100000001723,0.706501125150084,-1.0586162864454585,-179.73999786376953,0.0,0.25,0.0,True
464,59.39000000001397,0.6934242430355514,-1.0580779477681026,-179.6999969482422,0.0,0.25,0.0,True
465,59.5,0.6817874923259448,-1.0576606266307234,-179.58999633789062,0.0,0.25,0.0,True
466,59.60899999999674,0.669669197165612,-1.057509508505873,-179.72999572753906,0.0,0.25,0.0,True
467,59.70299999997951,0.6581493806931069,-1.057745578312286,-179.72999572753906,0.0,0.25,0.0,True
468,59.81199999997625,0.6454338368618054,-1.0569921868906424,-179.67999649047852,0.0,0.25,0.0,True
469,59.92099999997299,0.6331957147026163,-1.056783498433207,-179.67999649047852,0.0,0.25,0.0,True
470,60.01500000001397,0.6211971998263263,-1.056584714093416,-179.73999786376953,0.0,0.25,0.0,True
471,60.17099999997299,0.596841090889479,-1.056120436920014,-179.7099952697754,0.0,0.25,0.0,True
472,60.28100000001723,0.5853227403024053,-1.0559265539650047,-179.79999542236328,0.0,0.25,0.0,True
473,60.40600000001723,0.5853227403024053,-1.0559265539650047,-179.79999542236328,0.0,0.25,0.0,True
474,60.54599999997299,0.5477669855402643,-1.0553231323041194,-179.83999633789062,0.0,0.25,0.0,True
475,60.65600000001723,0.5355277794229979,-1.0552935814211792,-179.8599967956543,0.0,0.25,0.0,True
476,60.76500000001397,0.5236496258183274,-1.0549170186492747,-179.8599967956543,0.0,0.25,0.0,True
477,60.85899999999674,0.5117705077967419,-1.0548246307066285,-179.88999557495117,0.0,0.25,0.0,True
478,60.96799999999348,0.49965179798428544,-1.0545942652043847,-179.89999771118164,0.0,0.25,0.0,True
479,61.09299999999348,0.4883726664973148,-1.0547028610054525,-179.83999633789062,0.0,0.25,0.0,True
480,61.23399999999674,0.477215079369884,-1.0540519446583958,-179.8699951171875,0.0,0.25,0.0,True
481,61.34299999999348,0.4660553529677799,-1.0542319313348891,-179.82999801635742,0.0,0.25,0.0,True
482,61.51500000001397,0.439299509544948,-1.0536428899027512,-179.78999710083008,0.0,0.25,0.0,True
483,61.625,0.4268230993339514,-1.052901641682958,-179.78999710083008,0.0,0.0,0.0,True
484,61.71799999999348,0.41530268563587375,-1.0531270917100177,-179.6699981689453,0.0,0.0,0.0,True
485,61.84299999999348,0.41530268563587375,-1.0531270917100177,-179.90999603271484,0.0,0.0,0.0,True
486,61.95299999997951,0.41530268563587375,-1.0531270917100177,179.7900047302246,0.0,0.0,0.0,True
487,62.07799999997951,0.41530268563587375,-1.0531270917100177,179.7900047302246,0.0,0.0,0.0,True
488,62.17099999997299,0.41530268563587375,-1.0531270917100177,179.7900047302246,0.0,0.0,0.0,True
489,62.28100000001723,0.41530268563587375,-1.0531270917100177,179.7900047302246,0.0,0.0,0.0,True
490,62.39000000001397,0.41530268563587375,-1.0531270917100177,179.78000259399414,0.0,0.0,0.0,True
491,62.53100000001723,0.41530268563587375,-1.0531270917100177,179.7900047302246,0.0,0.0,0.0,True
492,62.68699999997625,0.41530268563587375,-1.0531270917100177,179.7900047302246,0.0,0.0,0.0,True
493,62.79599999997299,0.41530268563587375,-1.0531270917100177,179.7900047302246,0.0,0.0,0.0,True
494,62.92099999997299,0.41530268563587375,-1.0531270917100177,179.7900047302246,0.0,0.0,0.0,True
495,63.03100000001723,0.41530268563587375,-1.0531270917100177,179.8000030517578,0.0,0.0,0.0,True
496,63.15600000001723,0.41530268563587375,-1.0531270917100177,179.8000030517578,0.0,0.0,0.0,True
497,63.26500000001397,0.41530268563587375,-1.0531270917100177,179.8000030517578,0.0,0.0,0.15,True
498,63.39000000001397,0.41530268563587375,-1.0531270917100177,179.8000030517578,0.0,0.0,0.15,True
499,63.53100000001723,0.41530268563587375,-1.0531270917100177,-178.30999755859375,0.0,0.0,0.15,True
500,63.67099999997299,0.41530268563587375,-1.0531270917100177,-172.67999649047852,0.0,0.0,0.15,True
501,63.78100000001723,0.41530268563587375,-1.0531270917100177,-170.47999572753906,0.0,0.0,0.15,True
502,63.89000000001397,0.41530268563587375,-1.0531270917100177,-166.9499969482422,0.0,0.0,0.15,True
503,64.0,0.41530268563587375,-1.0531270917100177,-163.93999481201172,0.0,0.0,0.15,True
504,64.10899999999674,0.41530268563587375,-1.0531270917100177,-161.1699981689453,0.0,0.0,0.15,True
505,64.23399999999674,0.41530268563587375,-1.0531270917100177,-158.3699951171875,0.0,0.0,0.15,True
506,64.375,0.41530268563587375,-1.0531270917100177,-152.46999740600586,0.0,0.0,0.15,True
507,64.51500000001397,0.41530268563587375,-1.0531270917100177,-149.52999877929688,0.0,0.0,0.15,True
508,64.65600000001723,0.41530268563587375,-1.0531270917100177,-143.9199981689453,0.0,0.0,0.15,True
509,64.78100000001723,0.41530268563587375,-1.0531270917100177,-140.9499969482422,0.0,0.0,0.15,True
510,64.89000000001397,0.41530268563587375,-1.0531270917100177,-138.55999755859375,0.0,0.0,0.15,True
511,65.03100000001723,0.41530268563587375,-1.0531270917100177,-135.15999603271484,0.0,0.0,0.15,True
512,65.15600000001723,0.41530268563587375,-1.0531270917100177,-129.23999786376953,0.0,0.0,0.15,True
513,65.29599999997299,0.41530268563587375,-1.0531270917100177,-126.31999969482422,0.0,0.0,0.15,True
514,65.46799999999348,0.41530268563587375,-1.0531270917100177,-120.64999389648438,0.0,0.0,0.15,True
515,65.59299999999348,0.41530268563587375,-1.0531270917100177,-117.73999786376953,0.0,0.0,0.15,True
516,65.70299999997951,0.41530268563587375,-1.0531270917100177,-114.85999298095703,0.0,0.0,0.15,True
517,65.82799999997951,0.41530268563587375,-1.0531270917100177,-111.87999725341797,0.0,0.0,0.15,True
518,65.93699999997625,0.41530268563587375,-1.0531270917100177,-109.58999633789062,0.0,0.0,0.15,True
519,66.06199999997625,0.41530268563587375,-1.0531270917100177,-103.70999908447266,0.0,0.0,0.15,True
520,66.18699999997625,0.41530268563587375,-1.0531270917100177,-100.62999725341797,0.0,0.0,0.15,True
521,66.31199999997625,0.41530268563587375,-1.0531270917100177,-97.07999420166016,0.0,0.0,0.15,True
522,66.45299999997951,0.41530268563587375,-1.0531270917100177,-94.33999633789062,0.0,0.0,0.15,True
523,66.57799999997951,0.41530268563587375,-1.0531270917100177,-88.9699935913086,0.0,0.0,0.0,True
524,66.70299999997951,0.41530268563587375,-1.0531270917100177,-85.41999816894531,0.0,0.0,0.0,True
525,66.81199999997625,0.41530268563587375,-1.0531270917100177,-84.489990234375,0.0,0.0,0.0,True
526,66.92099999997299,0.41530268563587375,-1.0531270917100177,-84.45999145507812,0.0,0.0,0.0,True
527,67.07799999997951,0.41530268563587375,-1.0531270917100177,-84.47000122070312,0.0,0.0,-0.15,True
528,67.26500000001397,0.41530268563587375,-1.0531270917100177,-85.41000366210938,0.0,0.0,0.0,True
529,67.42099999997299,0.41530268563587375,-1.0531270917100177,-88.33999633789062,0.0,0.0,0.0,True
530,67.56199999997625,0.41530268563587375,-1.0531270917100177,-88.33999633789062,0.0,0.0,0.0,True
531,67.67099999997299,0.41530268563587375,-1.0531270917100177,-88.3499984741211,0.0,0.0,0.0,True
532,67.79599999997299,0.41530268563587375,-1.0531270917100177,-88.35999298095703,0.0,0.0,0.0,True
533,67.92099999997299,0.41530268563587375,-1.0531270917100177,-88.35999298095703,0.0,0.0,0.0,True
534,68.01500000001397,0.41530268563587375,-1.0531270917100177,-88.3499984741211,0.0,0.0,0.0,True
535,68.14000000001397,0.41530268563587375,-1.0531270917100177,-88.3499984741211,0.0,0.0,0.0,True
536,68.26500000001397,0.41530268563587375,-1.0531270917100177,-88.35999298095703,0.0,0.0,0.0,True
537,68.39000000001397,0.41530268563587375,-1.0531270917100177,-88.35999298095703,0.0,0.0,0.0,True
538,68.54599999997299,0.41530268563587375,-1.0531270917100177,-88.35999298095703,0.0,0.0,0.0,True
539,68.68699999997625,0.41530268563587375,-1.0531270917100177,-88.35999298095703,0.0,0.0,0.0,True
540,68.85899999999674,0.41530268563587375,-1.0531270917100177,-88.3699951171875,0.0,0.0,0.0,True
541,69.0,0.41530268563587375,-1.0531270917100177,-88.35999298095703,0.0,0.0,0.0,True
542,69.10899999999674,0.41530268563587375,-1.0531270917100177,-88.3499984741211,0.0,0.0,0.0,True
543,69.21799999999348,0.41530268563587375,-1.0531270917100177,-88.35999298095703,0.0,0.0,0.0,True
544,69.32799999997951,0.41530268563587375,-1.0531270917100177,-88.35999298095703,0.0,0.0,0.0,True
545,69.46799999999348,0.41530268563587375,-1.0531270917100177,-88.35999298095703,0.0,0.0,0.0,True
546,69.57799999997951,0.41530268563587375,-1.0531270917100177,-88.3499984741211,0.0,0.0,0.0,True
547,69.70299999997951,0.41530268563587375,-1.0531270917100177,-88.3499984741211,0.0,0.25,0.0,True
548,69.82799999997951,0.41530268563587375,-1.0531270917100177,-88.35999298095703,0.0,0.25,0.0,True
549,69.93699999997625,0.4159364676434199,-1.0459439010053546,-87.94999694824219,0.0,0.25,0.0,True
550,70.06199999997625,0.4179979005099791,-1.0268164239754465,-87.39999389648438,0.0,0.25,0.0,True
551,70.17099999997299,0.41883395534767254,-1.0146028860861809,-87.37998962402344,0.0,0.25,0.0,True
552,70.29599999997299,0.4192783704304092,-1.0032120724107478,-87.41999816894531,0.0,0.25,0.0,True
553,70.40600000001723,0.41986757420939363,-0.9918279305889479,-87.39999389648438,0.0,0.25,0.0,True
554,70.51500000001397,0.4198265841338914,-0.9802958194379836,-87.52999877929688,0.0,0.25,0.0,True
555,70.625,0.42044393563191557,-0.9687927097488261,-87.72000122070312,0.0,0.25,0.0,True
556,70.73399999999674,0.4208260391392667,-0.9573997900418696,-87.72999572753906,0.0,0.25,0.0,True
557,70.84299999999348,0.4213776084012909,-0.947334660933243,-87.72999572753906,0.0,0.25,0.0,True
558,70.93699999997625,0.4216046097419214,-0.9361756230052205,-87.86000061035156,0.0,0.25,0.0,True
559,71.07799999997951,0.42229772361465795,-0.9126667580210396,-87.97999572753906,0.0,0.25,0.0,True
560,71.25,0.42348488182963034,-0.8908567392306974,-88.0,0.0,0.25,0.0,True
561,71.39000000001397,0.42443393188331763,-0.8778034453644346,-87.89999389648438,0.0,0.25,0.0,True
562,71.53100000001723,0.42521826602876894,-0.8661854860168622,-87.81999206542969,0.0,0.25,0.0,True
563,71.64000000001397,0.4257382714684436,-0.8543173667860094,-87.81999206542969,0.0,0.25,0.0,True
564,71.78100000001723,0.42707289289565575,-0.8316731240905041,-87.88999938964844,0.0,0.25,0.0,True
565,71.96799999999348,0.4275240153823469,-0.8087562369036712,-88.05000305175781,0.0,0.25,0.0,True
566,72.07799999997951,0.4280155981005305,-0.7964064774252937,-88.0,0.0,0.25,0.0,True
567,72.18699999997625,0.4285620084621954,-0.784659235339518,-88.00999450683594,0.0,0.25,0.0,True
568,72.375,0.4298048331214855,-0.7611693760606565,-87.87998962402344,0.0,0.25,0.0,True
569,72.53100000001723,0.43109449400091965,-0.7489700435777752,-87.84999084472656,0.0,0.25,0.0,True
570,72.65600000001723,0.4318022511874286,-0.7374692963383793,-87.83999633789062,0.0,0.25,0.0,True
571,72.76500000001397,0.43219963048476373,-0.7158709697509767,-87.92999267578125,0.0,0.25,0.0,True
572,72.875,0.43258461108014373,-0.7027973500568739,-88.08999633789062,0.0,0.25,0.0,True
573,72.98399999999674,0.43296272176472966,-0.6912844095428266,-88.16999816894531,0.0,0.25,0.0,True
574,73.125,0.4337057904745991,-0.6791835503011955,-88.08000183105469,0.0,0.25,0.0,True
575,73.25,0.4341456045853787,-0.6680326944646453,-88.12999725341797,0.0,0.25,0.0,True
576,73.34299999999348,0.4348069184207737,-0.6562888283223237,-88.12999725341797,0.0,0.25,0.0,True
577,73.48399999999674,0.43590978409523995,-0.6313536452280254,-88.08000183105469,0.0,0.25,0.0,True
578,73.64000000001397,0.43665091951733376,-0.6197329884110742,-88.05000305175781,0.0,0.25,0.0,True
579,73.79599999997299,0.43803260780589154,-0.5957685365935322,-88.01998901367188,0.0,0.25,0.0,True
580,73.93699999997625,0.43884538720609517,-0.5845109944684078,-87.97000122070312,0.0,0.25,0.0,True
581,74.04599999997299,0.4396164722762993,-0.5728922954903877,-87.88999938964844,0.0,0.25,0.0,True
582,74.21799999999348,0.4411081180983853,-0.5492930713518693,-87.83000183105469,0.0,0.25,0.0,True
583,74.375,0.442058810220568,-0.5245939258352202,-87.92999267578125,0.0,0.25,0.0,True
584,74.48399999999674,0.44255796910605755,-0.5127251065627693,-87.94999694824219,0.0,0.25,0.0,True
585,74.60899999999674,0.44304039458293354,-0.5010957326070903,-87.95999145507812,0.0,0.25,0.0,True
586,74.75,0.44381642453474585,-0.4892370107206371,-87.94000244140625,0.0,0.25,0.0,True
587,74.85899999999674,0.4442878194565892,-0.46740215302233756,-88.03999328613281,0.0,0.25,0.0,True
588,74.96799999999348,0.44531048038607235,-0.45375014907196937,-88.03999328613281,0.0,0.25,0.0,True
589,75.07799999997951,0.4457879674553398,-0.4416402006567825,-88.08999633789062,0.0,0.25,0.0,True
590,75.20299999997951,0.44637965924540546,-0.430014226176225,-88.08999633789062,0.0,0.25,0.0,True
591,75.29599999997299,0.4468397935365907,-0.4181437789792056,-88.08000183105469,0.0,0.25,0.0,True
592,75.42099999997299,0.4473116671226177,-0.40603346745849,-88.10999298095703,0.0,0.25,0.0,True
593,75.57799999997951,0.4482473775279822,-0.3820525872449507,-88.03999328613281,0.0,0.25,0.0,True
594,75.70299999997951,0.44939662995132557,-0.36912567659357076,-88.08000183105469,0.0,0.25,0.0,True
595,75.82799999997951,0.44994612666520045,-0.35713854311181126,-88.00999450683594,0.0,0.25,0.0,True
596,75.95299999997951,0.4506402004438323,-0.34539660019312995,-87.94000244140625,0.0,0.25,0.0,True
597,76.09299999999348,0.45180926244787234,-0.3229865033084509,-87.92999267578125,0.0,0.25,0.0,True
598,76.18699999997625,0.45270481304280186,-0.3100517519327929,-87.86000061035156,0.0,0.25,0.0,True
599,76.29599999997299,0.453077837357458,-0.30021947221839945,-87.76998901367188,0.0,0.25,0.0,True
600,76.42099999997299,0.4542454630498386,-0.28621515103452877,-87.76998901367188,0.0,0.25,0.0,True
601,76.53100000001723,0.4543402323069775,-0.275050915323473,-87.75999450683594,0.0,0.25,0.0,True
602,76.64000000001397,0.45483689970667807,-0.26234163825615436,-87.78999328613281,0.0,0.25,0.0,True
603,76.76500000001397,0.45547363085781206,-0.2384718843705756,-88.05999755859375,0.0,0.25,0.0,True
604,76.875,0.4559933227114206,-0.22720381054947253,-88.06999206542969,0.0,0.25,0.0,True
605,77.0,0.45669383893695553,-0.2167823440009907,-88.08000183105469,0.0,0.25,0.0,True
606,77.125,0.45726064439713754,-0.20383475678982407,-88.16999816894531,0.0,0.25,0.0,True
607,77.25,0.45809042096646735,-0.19185760947998384,-87.94000244140625,0.0,0.25,0.0,True
608,77.39000000001397,0.4593449538723132,-0.16812872909699705,-88.02999877929688,0.0,0.25,0.0,True
609,77.51500000001397,0.45989480513058345,-0.15614164416483792,-87.989990234375,0.0,0.25,0.0,True
610,77.625,0.4605915656427305,-0.1443998626292192,-87.94999694824219,0.0,0.25,0.0,True
611,77.73399999999674,0.46096530705402883,-0.13180619401223814,-87.989990234375,0.0,0.25,0.0,True
612,77.84299999999348,0.4619174888528245,-0.12031312487776326,-87.97000122070312,0.0,0.25,0.0,True
613,78.0,0.4634581306398319,-0.09527431427304613,-87.91999816894531,0.0,0.25,0.0,True
614,78.125,0.46402779181265086,-0.08328789430767677,-87.92999267578125,0.0,0.25,0.0,True
615,78.25,0.46488684881399006,-0.07131236074796805,-87.80000305175781,0.0,0.0,0.15,True
616,78.39000000001397,0.46564650261844104,-0.056811817720324224,-87.83999633789062,0.0,0.0,0.15,True
617,78.53100000001723,0.46564650261844104,-0.056811817720324224,-85.87998962402344,0.0,0.0,0.15,True
618,78.64000000001397,0.46564650261844104,-0.056811817720324224,-82.64999389648438,0.0,0.0,0.15,True
619,78.73399999999674,0.46564650261844104,-0.056811817720324224,-79.87998962402344,0.0,0.0,0.15,True
620,78.84299999999348,0.46564650261844104,-0.056811817720324224,-76.78999328613281,0.0,0.0,0.15,True
621,78.96799999999348,0.46564650261844104,-0.056811817720324224,-74.03999328613281,0.0,0.0,0.15,True
622,79.09299999999348,0.46564650261844104,-0.056811817720324224,-67.989990234375,0.0,0.0,0.15,True
623,79.20299999997951,0.46564650261844104,-0.056811817720324224,-65.11000061035156,0.0,0.0,0.15,True
624,79.29599999997299,0.46564650261844104,-0.056811817720324224,-62.22999572753906,0.0,0.0,0.15,True
625,79.40600000001723,0.46564650261844104,-0.056811817720324224,-59.08000183105469,0.0,0.0,0.15,True
626,79.53100000001723,0.46564650261844104,-0.056811817720324224,-56.149993896484375,0.0,0.0,0.15,True
627,79.64000000001397,0.46564650261844104,-0.056811817720324224,-53.44000244140625,0.0,0.0,0.15,True
628,79.75,0.46564650261844104,-0.056811817720324224,-50.3699951171875,0.0,0.0,0.15,True
629,79.84299999999348,0.46564650261844104,-0.056811817720324224,-47.489990234375,0.0,0.0,0.15,True
630,79.96799999999348,0.46564650261844104,-0.056811817720324224,-41.53999328613281,0.0,0.0,0.15,True
631,80.125,0.46564650261844104,-0.056811817720324224,-38.63999938964844,0.0,0.0,0.15,True
632,80.28100000001723,0.46564650261844104,-0.056811817720324224,-32.6199951171875,0.0,0.0,0.15,True
633,80.39000000001397,0.46564650261844104,-0.056811817720324224,-29.669998168945312,0.0,0.0,0.15,True
634,80.54599999997299,0.46564650261844104,-0.056811817720324224,-26.839996337890625,0.0,0.0,0.15,True
635,80.67099999997299,0.46564650261844104,-0.056811817720324224,-20.860000610351562,0.0,0.0,0.15,True
636,80.78100000001723,0.46564650261844104,-0.056811817720324224,-20.860000610351562,0.0,0.0,0.15,True
637,80.93699999997625,0.46564650261844104,-0.056811817720324224,-14.819992065429688,0.0,0.0,0.15,True
638,81.09299999999348,0.46564650261844104,-0.056811817720324224,-9.039993286132812,0.0,0.0,0.0,True
639,81.25,0.46564650261844104,-0.056811817720324224,-6.05999755859375,0.0,0.0,0.0,True
640,81.35899999999674,0.46564650261844104,-0.056811817720324224,-5.2899932861328125,0.0,0.0,0.0,True
641,81.48399999999674,0.46564650261844104,-0.056811817720324224,-5.1699981689453125,0.0,0.0,0.0,True
642,81.59299999999348,0.46564650261844104,-0.056811817720324224,-5.1699981689453125,0.0,0.0,0.0,True
643,81.75,0.46564650261844104,-0.056811817720324224,-5.1699981689453125,0.0,0.0,0.0,True
644,81.875,0.46564650261844104,-0.056811817720324224,-5.1699981689453125,0.0,0.0,0.0,True
645,82.0,0.46564650261844104,-0.056811817720324224,-5.1699981689453125,0.0,0.0,0.0,True
646,82.15600000001723,0.46564650261844104,-0.056811817720324224,-5.17999267578125,0.0,0.0,0.0,True
647,82.32799999997951,0.46564650261844104,-0.056811817720324224,-5.160003662109375,0.0,0.0,0.0,True
648,82.5,0.46564650261844104,-0.056811817720324224,-5.1699981689453125,0.0,0.0,0.0,True
649,82.64000000001397,0.46564650261844104,-0.056811817720324224,-5.1699981689453125,0.0,0.0,-0.15,True
650,82.76500000001397,0.46564650261844104,-0.056811817720324224,-5.1699981689453125,0.0,0.0,0.0,True
651,82.89000000001397,0.46564650261844104,-0.056811817720324224,-7.339996337890625,0.0,0.0,0.0,True
652,83.01500000001397,0.46564650261844104,-0.056811817720324224,-7.0099945068359375,0.0,0.0,0.0,True
653,83.15600000001723,0.46564650261844104,-0.056811817720324224,-6.959991455078125,0.0,0.0,0.0,True
654,83.32799999997951,0.46564650261844104,-0.056811817720324224,-6.9499969482421875,0.0,0.0,0.0,True
655,83.5,0.46564650261844104,-0.056811817720324224,-6.9499969482421875,0.0,0.0,0.15,True
656,83.68699999997625,0.46564650261844104,-0.056811817720324224,-5.7899932861328125,0.0,0.0,0.15,True
657,83.81199999997625,0.46564650261844104,-0.056811817720324224,-2.9799957275390625,0.0,0.0,0.0,True
658,83.92099999997299,0.46564650261844104,-0.056811817720324224,-0.3000030517578125,0.0,0.0,0.0,True
659,84.04599999997299,0.46564650261844104,-0.056811817720324224,2.510009765625,0.0,0.0,0.0,True
660,84.21799999999348,0.46564650261844104,-0.056811817720324224,2.8700103759765625,0.0,0.0,0.0,True
661,84.34299999999348,0.46564650261844104,-0.056811817720324224,2.850006103515625,0.0,0.0,0.0,True
662,84.48399999999674,0.46564650261844104,-0.056811817720324224,2.839996337890625,0.0,0.0,-0.15,True
663,84.67099999997299,0.46564650261844104,-0.056811817720324224,2.82000732421875,0.0,0.0,0.0,True
664,84.78100000001723,0.46564650261844104,-0.056811817720324224,-1.089996337890625,0.0,0.0,0.0,True
665,84.95299999997951,0.46564650261844104,-0.056811817720324224,-1.1199951171875,0.0,0.0,0.0,True
666,85.125,0.46564650261844104,-0.056811817720324224,-1.1100006103515625,0.0,-0.25,0.0,True
667,85.34299999999348,0.45868073577415475,-0.0565047673707365,-0.720001220703125,0.0,-0.25,0.0,True
668,85.51500000001397,0.43887932123659984,-0.05640135566121323,-0.720001220703125,0.0,-0.25,0.0,True
669,85.625,0.428561029396251,-0.056532041364892045,-0.67999267578125,0.0,-0.25,0.0,True
670,85.75,0.4175227362173358,-0.056660779481145764,-0.649993896484375,0.0,-0.25,0.0,True
671,85.875,0.3955633426796983,-0.05671136554121873,-0.660003662109375,0.0,-0.25,0.0,True
672,85.98399999999674,0.3834457071590582,-0.05691551477442634,-0.5999908447265625,0.0,-0.25,0.0,True
673,86.10899999999674,0.37276632867495685,-0.056959296279779074,-0.5999908447265625,0.0,-0.25,0.0,True
674,86.21799999999348,0.3636477000716657,-0.057062904966136745,-0.709991455078125,0.0,-0.25,0.0,True
675,86.32799999997951,0.35115700869149874,-0.056257805110725576,-0.80999755859375,0.0,-0.25,0.0,True
676,86.46799999999348,0.3399959366478024,-0.056211833407142094,-0.80999755859375,0.0,-0.25,0.0,True
677,86.57799999997951,0.3183936955049052,-0.05612759901037924,-0.8799896240234375,0.0,-0.25,0.0,True
678,86.68699999997625,0.3074746985310468,-0.056224532007715475,-0.8699951171875,0.0,-0.25,0.0,True
679,86.81199999997625,0.29607573797902587,-0.05632480482876682,-0.8499908447265625,0.0,-0.25,0.0,True
680,86.90600000001723,0.2856390993091704,-0.05655364298450207,-0.94000244140625,0.0,-0.25,0.0,True
681,87.03100000001723,0.27423356889107403,-0.056253188487413466,-0.92999267578125,0.0,-0.25,0.0,True
682,87.14000000001397,0.2626012440315906,-0.056783796168001194,-0.8799896240234375,0.0,-0.25,0.0,True
683,87.25,0.2510770552559929,-0.05654133723321438,-0.8799896240234375,0.0,-0.25,0.0,True
684,87.35899999999674,0.2402769749199009,-0.056568959839220376,-0.8799896240234375,0.0,-0.25,0.0,True
685,87.46799999999348,0.2294769282707858,-0.056594435144196334,-0.8799896240234375,0.0,-0.25,0.0,True
686,87.57799999997951,0.20739436068311237,-0.05652301334609356,-0.910003662109375,0.0,-0.25,0.0,True
687,87.68699999997625,0.19683456253151038,-0.05655241220622919,-0.899993896484375,0.0,-0.25,0.0,True
688,87.79599999997299,0.18783965188444643,-0.056904744945452744,-0.910003662109375,0.0,-0.25,0.0,True
689,87.95299999997951,0.17463788509156988,-0.05683826959839105,-0.959991455078125,0.0,-0.25,0.0,True
690,88.07799999997951,0.15303554674765799,-0.056786741101796843,-0.9499969482421875,0.0,-0.25,0.0,True
691,88.21799999999348,0.1407958156501443,-0.05685070963453097,-0.9499969482421875,0.0,-0.25,0.0,True
692,88.34299999999348,0.12939219077148975,-0.05670831710613665,-1.0399932861328125,0.0,-0.25,0.0,True
693,88.45299999997951,0.12051937716294754,-0.057148647899375474,-1.0399932861328125,0.0,-0.25,0.0,True
694,88.57799999997951,0.10779218627264918,-0.05682993717891354,-1.05999755859375,0.0,-0.25,0.0,True
695,88.70299999997951,0.08559377177858649,-0.05704411881844358,-1.089996337890625,0.0,-0.25,0.0,True
696,88.82799999997951,0.07479385967354768,-0.057110080148569435,-1.0800018310546875,0.0,-0.25,0.0,True
697,88.92099999997299,0.0636327279646151,-0.05711304836333124,-1.0800018310546875,0.0,-0.25,0.0,True
698,89.04599999997299,0.05331268468979541,-0.05717377460098041,-1.1299896240234375,0.0,-0.25,0.0,True
699,89.17099999997299,0.04155307062844866,-0.057269253024651676,-1.1299896240234375,0.0,-0.25,0.0,True
700,89.28100000001723,0.030874544412478503,-0.05740856082106085,-1.0999908447265625,0.0,-0.25,0.0,True
701,89.42099999997299,0.007236555914267919,-0.05765183952889266,-1.1100006103515625,0.0,-0.25,0.0,True
702,89.54599999997299,-0.0018757128368149362,-0.058105407562719355,-1.0999908447265625,0.0,-0.25,0.0,True
703,89.67099999997299,-0.014721651917859166,-0.05786439324252099,-1.0699920654296875,0.0,0.0,0.0,True
704,89.79599999997299,-0.027675762276417385,-0.058245733557241934,-1.0999908447265625,0.0,0.0,0.0,True
705,89.92099999997299,-0.027675762276417385,-0.058245733557241934,-1.0999908447265625,0.0,0.0,0.0,True
706,90.04599999997299,-0.027675762276417385,-0.058245733557241934,-1.0999908447265625,0.0,0.0,0.0,True
707,90.21799999999348,-0.027675762276417385,-0.058245733557241934,-1.0399932861328125,0.0,0.0,0.0,True
708,90.35899999999674,-0.027675762276417385,-0.058245733557241934,-1.029998779296875,0.0,-0.25,0.0,True
709,90.51500000001397,-0.03307822216958714,-0.058134537335069535,-1.0699920654296875,0.0,0.0,0.0,True
710,90.65600000001723,-0.03667994805351308,-0.05806448549192954,-1.0999908447265625,0.0,0.0,0.0,True
711,90.76500000001397,-0.03667994805351308,-0.05806448549192954,-1.220001220703125,-0.25,0.0,0.0,True
712,90.90600000001723,-0.03712997285566193,-0.059742736024165397,-1.029998779296875,-0.25,0.0,0.0,True
713,91.03100000001723,-0.038405365390094315,-0.06255357800876411,-0.8699951171875,-0.25,0.0,0.0,True
714,91.17099999997299,-0.03836975596043357,-0.06456410136212533,-1.1199951171875,-0.25,0.0,0.0,True
715,91.31199999997625,-0.037233966787514,-0.07231819233349225,-1.489990234375,-0.25,0.0,0.0,True
716,91.48399999999674,-0.03703647563747089,-0.07506739970527032,-1.8000030517578125,-0.25,0.0,0.0,True
717,91.65600000001723,-0.036144865056334685,-0.08719737950039079,-2.089996337890625,-0.25,0.0,0.0,True
718,91.78100000001723,-0.03508512186477231,-0.09299761937270914,-2.220001220703125,-0.25,0.0,0.0,True
719,91.89000000001397,-0.033775721336405384,-0.10463133936747175,-2.269989013671875,-0.25,0.0,0.0,True
720,92.0,-0.034112690125913385,-0.11141824814845636,-2.160003662109375,-0.25,0.0,0.0,True
721,92.10899999999674,-0.03473687378822818,-0.11715339747233575,-2.1100006103515625,-0.25,0.0,0.0,True
722,92.21799999999348,-0.03366684770559011,-0.1237235852477739,-1.8600006103515625,0.0,0.0,0.0,True
723,92.34299999999348,-0.03333095476055197,-0.12675993198602692,-1.7599945068359375,0.0,0.0,0.0,True
724,92.46799999999348,-0.03333095476055197,-0.12675993198602692,-1.5399932861328125,0.0,0.0,0.0,True
725,92.59299999999348,-0.03333095476055197,-0.12675993198602692,-1.7299957275390625,0.0,0.0,0.0,True
726,92.71799999999348,-0.03333095476055197,-0.12675993198602692,-1.75,0.0,0.0,0.0,True
727,92.84299999999348,-0.03333095476055197,-0.12675993198602692,-1.75,0.0,0.0,0.0,True
728,92.98399999999674,-0.03333095476055197,-0.12675993198602692,-1.75,0.0,0.0,0.0,True
729,93.125,-0.03333095476055197,-0.12675993198602692,-1.7599945068359375,0.0,0.0,0.0,True
730,93.25,-0.03333095476055197,-0.12675993198602692,-1.7599945068359375,0.0,0.0,0.0,True
731,93.375,-0.03333095476055197,-0.12675993198602692,-1.7599945068359375,0.0,0.0,0.0,True
732,93.48399999999674,-0.03333095476055197,-0.12675993198602692,-1.7599945068359375,0.0,0.0,0.0,True
733,93.57799999997951,-0.03333095476055197,-0.12675993198602692,-1.7599945068359375,0.0,0.0,0.0,True
734,93.70299999997951,-0.03333095476055197,-0.12675993198602692,-1.769989013671875,0.0,0.0,0.0,True
735,93.82799999997951,-0.03333095476055197,-0.12675993198602692,-1.769989013671875,0.0,0.0,0.0,True
736,93.95299999997951,-0.03333095476055197,-0.12675993198602692,-1.769989013671875,0.0,0.0,0.0,True
737,94.06199999997625,-0.03333095476055197,-0.12675993198602692,-1.7599945068359375,0.0,0.0,0.0,True
738,94.17099999997299,-0.03333095476055197,-0.12675993198602692,-1.769989013671875,0.0,0.0,0.0,True
739,94.31199999997625,-0.03333095476055197,-0.12675993198602692,-1.769989013671875,0.0,0.0,0.0,True
740,94.42099999997299,-0.03333095476055197,-0.12675993198602692,-1.769989013671875,0.0,0.0,0.0,True
