Sample,Timestamp,Elapsed_s,X_m,Y_m,Heading_deg,Command_X,Command_Y,Command_Z,LocalizationValid
1,13:46:38,3.375,0.0,0.0,0.0,0.0,0.3,0.0,True
2,13:46:38,3.5789999999979045,-0.012224378228112193,0.005655055471459555,-0.2525440231495213,0.0,0.3,0.0,True
3,13:46:38,3.7820000000065193,-0.012224378228112193,0.005655055471459555,-0.2525440231495213,0.0,0.3,0.0,True
4,13:46:38,3.9690000000118744,-0.01254454106368891,0.04902718733275056,-0.2051357323693108,0.0,0.3,0.0,True
5,13:46:38,4.2039999999979045,0.0033996659985785797,0.07598266562145585,-0.007933191722163,0.0,0.3,0.0,True
6,13:46:39,4.407000000006519,0.002849614214390783,0.0997056424306411,-0.00204426877959776,0.0,0.3,0.0,True
7,13:46:39,4.60999999998603,0.004576593491239101,0.14467964032566497,-0.27473468812183016,0.0,0.3,0.0,True
8,13:46:39,4.812999999994645,0.018954290005350188,0.17655590365599136,-0.09113853145619344,0.0,0.3,0.0,True
9,13:46:39,5.032000000006519,0.018954290005350188,0.17655590365599136,-0.09113853145619344,0.0,0.3,0.0,True
10,13:46:40,5.23499999998603,0.016087753003645937,0.2179487108408183,0.5220932434680646,0.0,0.3,0.0,True
11,13:46:40,5.421999999991385,0.01093485774001347,0.26232799184211963,0.7372785363128195,0.0,0.3,0.0,True
12,13:46:40,5.64100000000326,0.01432340627427893,0.28823047014801473,0.4757213187798554,0.0,0.3,0.0,True
13,13:46:40,5.844000000011874,0.019933582421701245,0.34182248146705096,0.08477619150997216,0.0,0.3,0.0,True
14,13:46:40,6.046999999991385,0.018624677371117917,0.36027060222255153,0.21743707975016163,0.0,0.3,0.0,True
15,13:46:41,6.26600000000326,0.0019598247094059582,0.40699065479614516,-0.3794572572620188,0.0,0.3,0.0,True
16,13:46:41,6.469000000011874,-0.0006347469950179446,0.44971968261565953,-0.16636870464553857,0.0,0.3,0.0,True
17,13:46:41,6.671999999991385,0.013103707875937617,0.47946322336936337,-0.077657841829816,0.0,0.3,0.0,True
18,13:46:41,6.89100000000326,0.0018650219407411826,0.5039006580191816,-0.3242883286727196,0.0,0.3,0.0,True
19,13:46:41,7.094000000011874,0.003178957601347782,0.5319064614810559,0.0832404472527343,0.0,0.0,0.25,True
20,13:46:42,7.296999999991385,-0.002341204814920456,0.5662140851441324,-0.30539453916615616,0.0,0.0,0.25,True
21,13:46:42,7.5,0.00023919402126405787,0.5818189244900892,3.23799068433944,0.0,0.0,0.25,True
22,13:46:42,7.719000000011874,0.00023919402126405787,0.5818189244900892,11.862659771919164,0.0,0.3,0.0,True
23,13:46:42,7.921999999991385,0.00023919402126405787,0.5818189244900892,21.64047170438803,0.0,0.3,0.0,True
24,13:46:42,8.125,0.00023919402126405787,0.5818189244900892,25.145848259024632,0.0,0.3,0.0,True
25,13:46:43,8.328999999997905,0.02893807697344804,0.6292107370728884,26.02530675590332,0.0,0.3,0.0,True
26,13:46:43,8.53200000000652,0.04070239064742332,0.6260323498961814,25.812976260946602,0.0,0.3,0.0,True
27,13:46:43,8.75,0.056635597934820106,0.6645926797935537,25.38268337608466,0.0,0.3,0.0,True
28,13:46:43,8.953999999997905,0.0790572093417583,0.7322897525015496,25.843575822697105,0.0,0.3,0.0,True
29,13:46:43,9.14100000000326,0.08456842144622964,0.733434177533851,25.250603956964476,0.0,0.3,0.0,True
30,13:46:44,9.375,0.09554865326962247,0.7680735551408839,25.640954765563308,0.0,0.3,0.0,True
31,13:46:44,9.578999999997905,0.10959136937427431,0.819155727703184,26.748825209413305,0.0,0.3,0.0,True
32,13:46:44,9.78200000000652,0.13365527813239786,0.8581298764511985,26.92756304611907,0.0,0.3,0.0,True
33,13:46:44,9.98499999998603,0.15126388155278553,0.9010410232482396,26.19582865982315,0.0,0.3,0.0,True
34,13:46:44,10.203999999997905,0.17103575569931095,0.9160865236048704,26.15266131120101,0.0,0.3,0.0,True
35,13:46:45,10.40700000000652,0.1865366918505751,0.9527238964217506,25.930527060640458,-0.3,0.3,0.0,True
36,13:46:45,10.60999999998603,0.2023674683227501,0.9781654988950707,25.82895011794022,-0.3,0.0,0.0,True
37,13:46:45,10.812999999994645,0.21243499730740195,1.0190909582771777,25.391522653302268,-0.3,0.0,0.0,True
38,13:46:45,11.03200000000652,0.21304550670343006,1.040568172554842,24.062748313920775,-0.3,0.0,0.0,True
39,13:46:46,11.23499999998603,0.17778682901685677,1.08267166652902,21.642391657369878,-0.3,0.0,0.0,True
40,13:46:46,11.64100000000326,0.11811269193715676,1.1286234817032628,19.073340710249237,0.0,0.0,-0.25,True
41,13:46:46,11.85999999998603,0.10689057281519977,1.1428278957076394,18.23900000333238,0.0,0.0,-0.25,True
42,13:46:46,12.062999999994645,0.11142040914703816,1.1503965766785154,9.2003753053567,0.0,0.0,-0.25,True
43,13:46:47,12.687999999994645,0.07332748718853198,1.140954352580639,-10.55901723620353,0.0,0.3,0.0,True
44,13:46:47,12.89100000000326,0.07123470142818088,1.1308615040331538,-10.449419889751397,0.0,0.3,0.0,True
45,13:46:47,13.094000000011874,0.07123470142818088,1.1308615040331538,-10.449419889751397,0.0,0.3,0.0,True
46,13:46:48,13.296999999991385,0.07866128650169502,1.175476712926579,-9.98898728618585,0.0,0.3,0.0,True
47,13:46:48,13.51600000000326,0.08280895228145255,1.2196856275017363,-9.886181916515005,0.0,0.3,0.0,True
48,13:46:48,13.719000000011874,0.07912984455057273,1.266393631858132,-9.831505774348527,-0.3,0.3,0.0,True
49,13:46:48,13.90700000000652,0.06716174114367801,1.2882789679940596,-10.396712504283965,0.0,0.3,0.0,True
50,13:46:48,14.14100000000326,0.0791121539651081,1.327822527983179,-10.222266520979586,0.0,0.0,-0.25,True
51,13:46:49,14.344000000011874,0.03651737023900507,1.3652693542613634,-11.16620700153341,0.0,0.0,-0.25,True
52,13:46:49,14.546999999991385,0.03651737023900507,1.3652693542613634,-13.787400531315184,0.0,0.0,-0.25,True
53,13:46:49,14.75,0.03651737023900507,1.3652693542613634,-22.60213310157294,0.0,0.3,0.0,True
54,13:46:49,14.969000000011874,0.03651737023900507,1.3652693542613634,-33.63066916443553,0.0,0.3,0.0,True
55,13:46:49,15.171999999991385,0.03476684502479241,1.3922944517768001,-33.29723665612671,-0.3,0.0,0.0,True
56,13:46:50,15.578999999997905,0.007027111766505681,1.4391739094079323,-33.02390463041526,0.0,0.0,-0.25,True
57,13:46:50,16.0,0.00041998287954014835,1.429617232252328,-44.79359985609431,0.0,0.3,0.0,True
58,13:46:50,16.203999999997905,0.00041998287954014835,1.429617232252328,-47.800008467147194,0.0,0.3,0.0,True
59,13:46:51,16.40700000000652,-0.018497728516288493,1.4057876081719418,-48.626100602401614,0.0,0.3,0.0,True
60,13:46:51,16.60999999998603,-0.04982745272353278,1.4106390084209568,-48.559371459019694,0.0,0.3,0.0,True
61,13:46:51,16.812999999994645,-0.08158811137680895,1.4364543526110798,-48.54999933872535,0.0,0.3,0.0,True
62,13:46:53,19.078999999997905,-0.1685675776241023,1.5167999278590765,-46.589258044840214,0.0,0.3,0.0,True
63,13:46:54,19.5,-0.17373633106503508,1.521351853395365,-46.92928265571479,0.0,0.3,0.0,True
64,13:46:54,19.89100000000326,-0.18686560298115118,1.5548172150284891,-46.89566129505135,0.0,0.3,0.0,True
65,13:46:54,20.10999999998603,-0.22058509034606463,1.5644631080523588,-46.94264541866775,0.0,0.3,0.0,True
66,13:46:55,20.937999999994645,-0.29013959369291964,1.6121806493014625,-45.76977542026816,0.0,0.3,0.0,True
67,13:47:04,30.046999999991385,-0.3055377716218186,1.6342227782813032,-46.18937936334375,0.0,0.0,-0.25,True
68,13:47:05,30.25,-0.3055377716218186,1.6342227782813032,-46.18937936334375,0.0,0.0,-0.25,True
69,13:47:05,30.453999999997905,-0.29390249280844577,1.6386001426712749,-47.46796185634246,0.0,0.0,-0.25,True
70,13:47:05,30.65700000000652,-0.29390249280844577,1.6386001426712749,-54.66598311095662,0.0,0.0,-0.25,True
71,13:47:05,30.875,-0.29390249280844577,1.6386001426712749,-67.73816227296231,0.0,0.0,-0.25,True
72,13:47:05,31.078999999997905,-0.29390249280844577,1.6386001426712749,-79.87220305127005,0.0,0.3,0.0,True
73,13:47:06,31.28200000000652,-0.29390249280844577,1.6386001426712749,-89.41596056326422,0.0,0.3,0.0,True
74,13:47:06,31.5,-0.30168508175139025,1.6488636758124748,-95.18990554519537,0.0,0.3,-0.25,True
75,13:47:06,31.703999999997905,-0.3273921785978409,1.6506645129917916,-95.65754020019659,0.0,0.3,0.0,True
76,13:47:06,31.90700000000652,-0.33807783878468545,1.6501705454241484,-100.66094063494941,0.0,0.3,0.25,True
77,13:47:06,32.10999999998603,-0.3729827257864228,1.6333788987325701,-101.38587850690107,0.0,0.3,0.0,True
78,13:47:07,32.312999999994645,-0.3729827257864228,1.6333788987325701,-99.75598276094766,0.0,0.3,0.25,True
79,13:47:07,32.53200000000652,-0.4439607025044757,1.6511334820789518,-96.30010911235252,0.0,0.3,0.0,True
80,13:47:07,32.73499999998603,-0.4420670359926794,1.6752179763813444,-95.60763045162052,0.0,0.3,-0.25,True
81,13:47:07,32.937999999994645,-0.46439796103914543,1.6694805584230672,-92.6975020584382,0.0,0.3,0.0,True
82,13:47:07,33.14100000000326,-0.46439796103914543,1.6694805584230672,-100.39415873882828,0.0,0.3,0.0,True
83,13:47:08,33.35999999998603,-0.5060025951968953,1.6685158060396905,-102.20317992954654,0.0,0.3,0.0,True
84,13:47:08,33.562999999994645,-0.5060025951968953,1.6685158060396905,-102.20317992954654,0.0,0.3,-0.25,True
85,13:47:08,33.76600000000326,-0.5325690154562184,1.6476724982844984,-103.65362408468904,0.0,0.3,0.0,True
86,13:47:08,33.969000000011874,-0.5325690154562184,1.6476724982844984,-109.90381655670815,0.0,0.3,-0.25,True
87,13:47:08,34.171999999991385,-0.5325690154562184,1.6476724982844984,-112.73962530082454,0.0,0.3,0.0,True
88,13:47:09,34.39100000000326,-0.5521829533182434,1.6514653336820762,-114.96194761274657,0.0,0.3,0.0,True
89,13:47:09,34.796999999991385,-0.5806503130405128,1.6120518616872548,-123.2573633093254,0.0,-0.3,0.0,True
90,13:47:09,35.0,-0.6232096330758804,1.6274596131446915,-119.39730686419692,0.0,-0.3,0.0,True
91,13:47:10,35.219000000011874,-0.595647655019552,1.644047974554596,-119.09254001706567,0.0,-0.3,0.0,True
92,13:47:10,35.421999999991385,-0.5741757394842115,1.649198429547859,-119.93242536093344,0.0,-0.3,0.0,True
93,13:47:10,35.60999999998603,-0.5396670130324143,1.644619303439205,-119.18473572125636,0.0,-0.3,0.0,True
94,13:47:10,35.844000000011874,-0.5269477759296057,1.648832372763501,-119.02555509121984,0.0,-0.3,0.0,True
95,13:47:10,36.046999999991385,-0.48989936071841184,1.639384375725791,-119.07695914592738,0.0,-0.3,0.0,True
96,13:47:11,36.23499999998603,-0.448540712251134,1.677879253646341,-119.10919192518782,0.0,-0.3,0.0,True
97,13:47:11,36.453999999997905,-0.4406157190023241,1.6976270835671727,-118.25028446936616,0.0,-0.3,0.0,True
98,13:47:11,36.671999999991385,-0.3973859942938112,1.7244906923875556,-119.23691012720973,0.0,-0.3,0.0,True
99,13:47:11,36.875,-0.36171932214801883,1.7299693063443105,-119.64732958759558,0.0,-0.3,0.0,True
100,13:47:11,37.078999999997905,-0.33350805291240226,1.7507679753018437,-119.40884895986675,0.0,-0.3,0.0,True
101,13:47:12,37.296999999991385,-0.2869526664155348,1.772937998950844,-119.20827100319224,0.0,-0.3,0.0,True
102,13:47:12,37.5,-0.2493389137415209,1.789426076029303,-118.9186257204158,0.0,-0.3,0.0,True
103,13:47:12,37.703999999997905,-0.20071128138984243,1.8233635350218464,-118.38652384148274,-0.3,-0.3,0.0,True
104,13:47:12,37.90700000000652,-0.20071128138984243,1.8233635350218464,-118.38652384148274,-0.3,-0.3,0.0,True
105,13:47:12,38.125,-0.16824438604532677,1.839765597427699,-118.17233481623943,-0.3,-0.3,0.0,True
106,13:47:13,38.73499999998603,-0.038508183442432814,1.8598382889440213,-121.85105003012364,0.0,0.0,-0.25,True
107,13:47:13,38.953999999997905,-0.02588382878889614,1.859155158615145,-122.90652902523503,0.0,0.0,-0.25,True
108,13:47:13,39.15700000000652,-0.01994586054791528,1.8522193186004783,-124.32711403563971,0.0,0.0,-0.25,True
109,13:47:14,39.35999999998603,-0.01994586054791528,1.8522193186004783,-132.49067140709312,0.0,0.0,-0.25,True
110,13:47:14,39.578999999997905,-0.01994586054791528,1.8522193186004783,-141.27778903203452,0.0,0.0,-0.25,True
111,13:47:14,39.76600000000326,-0.01994586054791528,1.8522193186004783,-149.99674889767775,0.0,0.0,-0.25,True
112,13:47:14,39.98499999998603,-0.01994586054791528,1.8522193186004783,-153.35298873729639,0.0,0.0,-0.25,True
113,13:47:14,40.187999999994645,-0.01994586054791528,1.8522193186004783,-163.56681722152607,0.0,0.0,-0.25,True
114,13:47:15,40.40700000000652,-0.01994586054791528,1.8522193186004783,-178.2995330377348,0.0,0.3,0.0,True
115,13:47:15,40.60999999998603,-0.01994586054791528,1.8522193186004783,172.55689396799264,0.0,0.3,0.0,True
116,13:47:15,40.812999999994645,-0.008852546955104759,1.8221523965896949,169.44980575318363,0.0,0.3,0.0,True
117,13:47:15,41.03200000000652,0.005647706585043436,1.8083391264237823,169.68147756528117,0.0,0.3,0.0,True
118,13:47:16,41.219000000011874,0.024076962082493353,1.742117341979175,168.78937600450152,0.0,0.3,-0.25,True
119,13:47:16,41.437999999994645,0.03056560218460839,1.7318806097476092,168.6826037320448,0.0,0.3,-0.25,True
120,13:47:16,41.64100000000326,0.03056560218460839,1.7318806097476092,166.58605508933505,0.0,0.3,0.0,True
121,13:47:16,41.85999999998603,0.03056560218460839,1.7318806097476092,156.58770482131666,0.0,0.3,0.0,True
122,13:47:16,42.062999999994645,0.03056560218460839,1.7318806097476092,156.58770482131666,0.0,0.3,0.25,True
123,13:47:17,42.26600000000326,0.038469047920934,1.687091190671817,154.84518807811233,0.0,0.3,0.0,True
124,13:47:17,42.469000000011874,0.038469047920934,1.687091190671817,156.06113348569053,0.0,0.3,0.0,True
125,13:47:17,42.687999999994645,0.07213971953040275,1.643669046506292,161.71342680627802,0.0,0.3,0.0,True
126,13:47:17,42.89100000000326,0.07273011552887387,1.615418675609348,161.85876726788914,0.0,0.3,0.25,True
127,13:47:17,43.094000000011874,0.07895988756949168,1.5925314785429983,161.89182200120143,0.0,0.3,0.25,True
128,13:47:18,43.312999999994645,0.09147957815606693,1.5552786418371174,169.26165068425559,0.0,0.3,0.0,True
129,13:47:18,43.51600000000326,0.07444274299130167,1.522541526163737,173.96372547673474,0.0,0.3,0.0,True
130,13:47:18,43.719000000011874,0.06880787438464302,1.4902786466619955,174.18779667332,0.0,0.3,0.25,True
131,13:47:18,43.921999999991385,0.07084849634968435,1.469338029807155,174.58309993733008,0.0,0.3,0.25,True
132,13:47:18,44.14100000000326,0.07084849634968435,1.469338029807155,-176.95398172497633,0.0,0.3,0.0,True
133,13:47:19,44.344000000011874,0.07084849634968435,1.469338029807155,-173.8090949959655,0.0,0.3,0.0,True
134,13:47:19,44.546999999991385,0.07084849634968435,1.469338029807155,-166.761244651679,0.0,0.3,0.0,True
135,13:47:19,44.76600000000326,0.03017848699962051,1.4300342979300482,-164.71683537466666,0.0,0.3,0.25,True
136,13:47:19,44.969000000011874,0.026294535825271616,1.3859688346914054,-164.5078162158043,0.0,0.3,0.0,True
137,13:47:19,45.171999999991385,0.012088513188120847,1.3688699370556814,-161.1863557168931,0.0,0.3,0.0,True
138,13:47:20,45.375,0.012088513188120847,1.3688699370556814,-151.98021385588177,0.0,0.3,0.25,True
139,13:47:20,45.594000000011874,0.007898885012919358,1.3511206383460899,-151.48371724992623,0.0,0.3,0.0,True
140,13:47:20,45.796999999991385,0.002092976511555345,1.3314875389508316,-147.31089591718288,0.0,0.3,0.0,True
141,13:47:20,46.0,-0.017243211411000804,1.3255902491900164,-142.71281068196518,0.0,0.3,0.0,True
142,13:47:20,46.219000000011874,-0.06673678279706301,1.2962038417470503,-141.0952385020487,0.0,0.3,0.25,True
143,13:47:21,46.421999999991385,-0.08416335818487844,1.2690146894935683,-141.67525278134522,0.0,0.3,0.0,True
144,13:47:21,46.625,-0.08732975788915044,1.2370749550685793,-140.60195921894177,0.0,0.3,0.0,True
145,13:47:21,46.828999999997905,-0.11534169555237825,1.2148286753133035,-132.74396895553195,0.0,0.3,0.0,True
146,13:47:21,47.046999999991385,-0.12978540533733454,1.2086496900094366,-132.3321951176389,0.0,0.3,0.0,True
147,13:47:22,47.25,-0.16832941446391925,1.1639619690454346,-132.01839844079205,0.0,0.3,0.0,True
148,13:47:22,47.453999999997905,-0.1963142665097497,1.1617628179900636,-132.0404742087623,0.0,0.3,0.0,True
149,13:47:22,47.65700000000652,-0.21991783375682433,1.1124456206053486,-132.1950228045957,0.0,0.3,0.0,True
150,13:47:22,47.85999999998603,-0.21991783375682433,1.1124456206053486,-132.1950228045957,0.0,0.3,0.0,True
151,13:47:22,48.078999999997905,-0.26981493619958136,1.101648279086175,-132.80493679355226,0.0,0.3,0.0,True
152,13:47:23,48.28200000000652,-0.3065853687316399,1.0752794667448684,-132.38981570823609,0.0,0.3,0.0,True
153,13:47:23,48.48499999998603,-0.35892303849586515,1.0527552982102863,-132.72400130741934,0.0,0.3,0.0,True
154,13:47:23,48.687999999994645,-0.3822611543890757,1.0343740694562888,-132.77780927977884,0.0,0.3,0.0,True
155,13:47:23,48.90700000000652,-0.3926698638353852,1.0208193035053825,-132.84658538095394,0.0,0.3,0.0,True
156,13:47:23,49.10999999998603,-0.42275716318267115,0.9848869958937481,-132.99318207454678,0.0,0.3,0.0,True
157,13:47:24,49.312999999994645,-0.45098167373857967,0.9574942742162355,-132.69951864436138,0.0,0.3,0.0,True
158,13:47:24,49.51600000000326,-0.49208255773629966,0.9208647301254267,-133.06227650698474,0.0,0.3,0.0,True
159,13:47:24,49.73499999998603,-0.4924809153947721,0.9051140770070643,-133.9744716267312,0.0,0.3,0.0,True
160,13:47:24,49.937999999994645,-0.5341853624668212,0.8731309072879251,-133.3107392098811,0.0,0.3,0.0,True
161,13:47:24,50.14100000000326,-0.5628927885375735,0.8541148925521322,-133.1960486722301,0.0,0.3,0.0,True
162,13:47:25,50.344000000011874,-0.5938104768197342,0.8310140340763312,-133.55820980889274,0.0,0.3,0.0,True
163,13:47:25,50.562999999994645,-0.6280542325716691,0.8093128045625656,-134.17661317908252,0.0,0.3,0.0,True
164,13:47:25,50.76600000000326,-0.6511660801689226,0.7832808034301086,-133.0069767579678,0.0,0.3,0.0,True
165,13:47:25,50.969000000011874,-0.679219935668096,0.7598045586061356,-132.82964947308182,0.0,0.3,0.0,True
166,13:47:25,51.171999999991385,-0.7087600068218881,0.7127078455840578,-133.43975846044845,0.0,0.3,0.0,True
167,13:47:26,51.375,-0.7453228743811129,0.703597254042387,-133.3590088611445,0.0,0.3,0.0,True
168,13:47:26,51.594000000011874,-0.7599875727777913,0.6902679070059596,-133.12787436531477,0.0,0.3,0.0,True
169,13:47:26,51.796999999991385,-0.8008859854696371,0.6557852235324445,-133.61476038329832,0.0,0.3,0.0,True
170,13:47:26,52.0,-0.8285520383142355,0.6391707736468222,-133.87947337225157,0.0,0.3,0.0,True
171,13:47:28,54.078999999997905,-0.8896437070322422,0.5975594345180142,-133.43396152553711,0.0,0.0,-0.25,True
172,13:47:29,54.28200000000652,-0.8896437070322422,0.5975594345180142,-133.43396152553711,0.0,0.0,-0.25,True
173,13:47:29,54.48499999998603,-0.8896437070322422,0.5975594345180142,-137.05585846267937,0.0,0.0,-0.25,True
174,13:47:29,54.687999999994645,-0.8896437070322422,0.5975594345180142,-144.6309877016941,0.0,0.0,-0.25,True
175,13:47:29,54.90700000000652,-0.8896437070322422,0.5975594345180142,-150.368301693668,0.0,0.0,-0.25,True
176,13:47:29,55.10999999998603,-0.8896437070322422,0.5975594345180142,-160.70925915601867,0.0,0.0,-0.25,True
177,13:47:30,55.296999999991385,-0.8896437070322422,0.5975594345180142,-164.74573897076016,0.0,0.0,-0.25,True
178,13:47:30,55.51600000000326,-0.8896437070322422,0.5975594345180142,171.81166695970464,0.0,0.0,-0.25,True
179,13:47:30,55.73499999998603,-0.8896437070322422,0.5975594345180142,169.23635954412057,0.0,0.0,-0.25,True
180,13:47:30,55.937999999994645,-0.8896437070322422,0.5975594345180142,163.22981086683984,0.0,0.0,-0.25,True
181,13:47:30,56.14100000000326,-0.8896437070322422,0.5975594345180142,154.49407529033718,0.0,0.0,-0.25,True
182,13:47:31,56.344000000011874,-0.8896437070322422,0.5975594345180142,147.48135240814005,0.0,0.0,-0.25,True
183,13:47:31,56.75,-0.8896437070322422,0.5975594345180142,131.63625010514875,0.0,0.3,0.0,True
184,13:47:31,56.969000000011874,-0.9137771645105381,0.5999760739205946,128.30628958868465,0.0,0.3,0.0,True
185,13:47:31,57.15700000000652,-0.9137771645105381,0.5999760739205946,128.30628958868465,0.0,0.3,0.0,True
186,13:47:32,57.375,-0.8743107421594948,0.5760372401688084,128.80091420284614,0.0,0.3,0.0,True
187,13:47:32,57.594000000011874,-0.8453407665259478,0.5268304389425742,128.95916641179946,0.0,0.3,0.0,True
188,13:47:32,57.78200000000652,-0.7937355655762609,0.5205924494759744,128.67378361212306,0.0,0.3,0.0,True
189,13:47:32,58.0,-0.7828204371712738,0.5101630293364446,128.68387086288615,0.0,0.3,0.0,True
190,13:47:32,58.203999999997905,-0.7633678326153921,0.49483115273945216,128.5595177597026,0.0,0.3,0.0,True
191,13:47:33,58.40700000000652,-0.7200042403483156,0.45101092643705126,128.2946726810092,0.0,0.3,0.0,True
192,13:47:33,58.625,-0.7092453754102166,0.43167752758591355,128.14990964109595,0.0,0.3,0.0,True
193,13:47:33,58.828999999997905,-0.6763854523937094,0.4084634829549685,127.95553585291033,0.0,0.3,0.0,True
194,13:47:33,59.03200000000652,-0.629685069061694,0.35541553057597314,128.1017094649358,0.0,0.3,0.0,True
195,13:47:34,59.23499999998603,-0.600650532497258,0.3427201409085652,128.10363095976578,0.0,0.3,0.0,True
196,13:47:34,59.453999999997905,-0.5762519581545337,0.3435708640046945,128.5426014984023,0.0,0.3,-0.25,True
197,13:47:34,59.65700000000652,-0.5762519581545337,0.33093585992749947,128.63493744309565,0.0,0.0,-0.25,True
198,13:47:34,59.85999999998603,-0.5762519581545337,0.33093585992749947,117.285435534334,0.0,0.0,-0.25,True
199,13:47:34,60.046999999991385,-0.5762519581545337,0.33093585992749947,107.2656539995095,0.0,0.0,-0.25,True
200,13:47:35,60.28200000000652,-0.5762519581545337,0.33093585992749947,102.24604896906061,0.0,0.3,0.0,True
201,13:47:35,60.48499999998603,-0.5762519581545337,0.33093585992749947,90.07834451305617,0.0,0.3,0.0,True
202,13:47:35,60.687999999994645,-0.5588313504928715,0.33218334255271836,89.9764700238791,0.0,0.3,0.0,True
203,13:47:35,60.89100000000326,-0.5457345956968346,0.3308021322561232,89.68836051989344,0.0,0.3,0.0,True
204,13:47:39,64.40700000000652,-0.4020094855430912,0.3214692265080678,88.77961988307075,0.0,0.3,0.0,True
205,13:47:39,64.60999999998603,-0.39550707155515924,0.3304418262832834,88.81475751905616,0.0,0.3,0.0,True
